PassengerId,Survived,Pclass,Age,SibSp,Parch,Fare,FamilySize,IsAlone,AgeGroup,FareGroup,Sex_female,Sex_male,Embarked_C,Embarked_Q,Embarked_S,Title_Master,Title_Miss,Title_Mr,Title_Mrs,Title_Rare
332,0,1,1.2402348569754682,0,0,-0.07458306872129913,-0.5609748304808925,1,2,2,False,True,False,False,True,False,False,True,False,False
734,0,2,-0.48888661775358344,0,0,-0.3866707201133388,-0.5609748304808925,1,1,1,False,True,False,False,True,False,False,True,False,False
383,0,3,0.20276197213803718,0,0,-0.4888542575852486,-0.5609748304808925,1,1,1,False,True,False,False,True,False,False,True,False,False
705,0,3,-0.2583370877897099,1,0,-0.4902797934380587,0.059159876663617626,0,1,0,False,True,False,False,True,False,False,True,False,False
814,0,3,-1.7953339542155335,4,2,-0.01870931177853076,3.1598334123861687,0,0,3,True,False,False,False,True,False,True,False,False,False
119,0,1,-0.41203677443229225,0,1,4.335332226633905,0.059159876663617626,0,1,3,False,True,True,False,False,False,False,True,False,False
537,0,1,1.2018099353148226,0,0,-0.11384570873513637,-0.5609748304808925,1,2,2,False,True,False,False,True,False,False,False,False,True
362,0,2,-0.027787557825836348,1,0,-0.09027201697708476,0.059159876663617626,0,1,2,False,True,True,False,False,False,False,True,False,False
30,0,3,-0.10463740114712752,0,0,-0.4894421904510968,-0.5609748304808925,1,1,0,False,True,False,False,True,False,False,True,False,False
56,1,1,-0.10463740114712752,0,0,0.06635974158478332,-0.5609748304808925,1,1,3,False,True,False,False,True,False,False,True,False,False
866,1,2,0.9712604053509489,0,0,-0.3866707201133388,-0.5609748304808925,1,2,1,True,False,False,False,True,False,False,False,True,False
596,0,3,0.5101613454232019,1,1,-0.1621689579829361,0.6792945838081278,0,2,2,False,True,False,False,True,False,False,True,False,False
240,0,2,0.27961181545932834,0,0,-0.4012683683236117,-0.5609748304808925,1,2,1,False,True,False,False,True,False,False,True,False,False
722,0,3,-0.9499856776813305,1,0,-0.5063875431873253,0.059159876663617626,0,1,0,False,True,False,False,True,False,False,True,False,False
82,1,3,-0.027787557825836348,0,0,-0.45714212526638004,-0.5609748304808925,1,1,1,False,True,False,False,True,False,False,True,False,False
260,1,2,1.5860591519212783,0,1,-0.12491978668775715,0.059159876663617626,0,3,2,True,False,False,False,True,False,False,False,True,False
487,1,1,0.4333115021019107,1,0,1.163700193253568,0.059159876663617626,0,2,3,True,False,False,False,True,False,False,False,True,False
717,1,1,0.6638610320657843,0,0,3.9327230485884233,-0.5609748304808925,1,2,3,True,False,True,False,False,False,True,False,False,False
801,0,2,0.35646165878061953,0,0,-0.3866707201133388,-0.5609748304808925,1,2,1,False,True,False,False,True,False,False,True,False,False
782,1,1,-0.9499856776813305,1,0,0.49925551609632224,0.059159876663617626,0,1,3,True,False,False,False,True,False,False,False,True,False
543,0,3,-1.4110847376090776,4,2,-0.01870931177853076,3.1598334123861687,0,0,3,True,False,False,False,True,False,True,False,False,False
327,0,3,2.4314074284554814,0,0,-0.5228315422126077,-0.5609748304808925,1,3,0,False,True,False,False,True,False,False,True,False,False
535,0,3,0.04906228549545483,0,0,-0.47400492578514347,-0.5609748304808925,1,1,1,True,False,False,False,True,False,True,False,False,False
536,1,2,-1.7184841108942424,0,2,-0.11988611489111134,0.6792945838081278,0,0,2,True,False,False,False,True,False,True,False,False,False
484,1,3,2.585107115098064,0,0,-0.455380340137554,-0.5609748304808925,1,3,1,True,False,False,False,True,False,False,False,True,False
763,1,3,-0.719436147717457,0,0,-0.5028639729296732,-0.5609748304808925,1,1,0,False,True,True,False,False,False,False,True,False,False
534,1,3,-0.10463740114712752,0,2,-0.19824427701513722,0.6792945838081278,0,1,2,True,False,True,False,False,False,False,False,True,False
714,0,3,-0.027787557825836348,0,0,-0.457478374542396,-0.5609748304808925,1,1,1,False,True,False,False,True,False,False,True,False,False
391,1,1,0.5101613454232019,1,2,1.7677408088510642,1.299429290952638,0,2,3,False,True,False,False,True,False,False,True,False,False
496,0,3,-0.10463740114712752,0,0,-0.3573083057891445,-0.5609748304808925,1,1,2,False,True,True,False,False,False,False,True,False,False
483,0,3,1.5860591519212783,0,0,-0.4863374216869257,-0.5609748304808925,1,3,1,False,True,False,False,True,False,False,True,False,False
378,0,1,-0.1814872444684187,0,2,3.610064686423428,0.6792945838081278,0,1,3,False,True,True,False,False,False,False,True,False,False
366,0,3,0.04906228549545483,0,0,-0.5024451714361923,-0.5609748304808925,1,1,0,False,True,False,False,True,False,False,True,False,False
413,1,1,0.27961181545932834,1,0,1.163700193253568,0.059159876663617626,0,2,3,True,False,False,True,False,False,True,False,False,False
469,0,3,-0.10463740114712752,0,0,-0.4928811950225652,-0.5609748304808925,1,1,0,False,True,False,True,False,False,False,True,False,False
410,0,3,-0.10463740114712752,3,1,-0.13565761536436197,1.9195639980971482,0,1,2,True,False,False,False,True,False,True,False,False,False
8,0,3,-2.1027333275006983,3,1,-0.22408312108167944,1.9195639980971482,0,0,2,False,True,False,False,True,True,False,False,False,False
581,1,2,-0.33518693111100106,1,1,-0.04438103794142432,0.6792945838081278,0,1,2,True,False,False,False,True,False,True,False,False,False
156,0,1,1.6629089952425695,0,1,0.5874293382238074,0.059159876663617626,0,3,3,False,True,True,False,False,False,False,True,False,False
881,1,2,-0.33518693111100106,0,1,-0.12491978668775715,0.059159876663617626,0,1,2,True,False,False,False,True,False,False,False,True,False
426,0,3,-0.10463740114712752,0,0,-0.5024451714361923,-0.5609748304808925,1,1,0,False,True,False,False,True,False,False,True,False,False
102,0,3,-0.10463740114712752,0,0,-0.4894421904510968,-0.5609748304808925,1,1,0,False,True,False,False,True,False,False,True,False,False
200,0,2,-0.41203677443229225,0,0,-0.3866707201133388,-0.5609748304808925,1,1,1,True,False,False,False,True,False,True,False,False,False
425,0,3,-0.8731358343600393,1,1,-0.2414492887801075,0.6792945838081278,0,1,2,False,True,False,False,True,False,False,True,False,False
299,1,1,-0.10463740114712752,0,0,-0.034313694348132716,-0.5609748304808925,1,1,2,False,True,False,False,True,False,False,True,False,False
885,0,3,-0.33518693111100106,0,0,-0.5064721088735089,-0.5609748304808925,1,1,0,False,True,False,False,True,False,False,True,False,False
248,1,2,-0.41203677443229225,0,2,-0.35646868933346404,0.6792945838081278,0,1,2,True,False,False,False,True,False,False,False,True,False
479,0,3,-0.5657364610748746,0,0,-0.4969926981460655,-0.5609748304808925,1,1,0,False,True,False,False,True,False,False,True,False,False
306,1,1,-2.1857311582876924,1,2,2.4029901895877646,1.299429290952638,0,0,3,False,True,False,False,True,True,False,False,False,False
317,1,2,-0.41203677443229225,1,0,-0.12491978668775715,0.059159876663617626,0,1,2,True,False,False,False,True,False,False,False,True,False
3,1,3,-0.2583370877897099,0,0,-0.4888542575852486,-0.5609748304808925,1,1,1,True,False,False,False,True,False,True,False,False,False
406,0,2,0.35646165878061953,1,0,-0.22559322262067316,0.059159876663617626,0,2,2,False,True,False,False,True,False,False,True,False,False
743,1,1,-0.6425863043961658,2,2,4.634416897040849,1.9195639980971482,0,1,3,True,False,True,False,False,False,True,False,False,False
261,0,3,-0.10463740114712752,0,0,-0.49237782784290063,-0.5609748304808925,1,1,0,False,True,False,True,False,False,False,True,False,False
368,1,3,-0.10463740114712752,0,0,-0.5028639729296732,-0.5609748304808925,1,1,0,True,False,True,False,False,False,False,False,True,False
159,0,3,-0.10463740114712752,0,0,-0.47400492578514347,-0.5609748304808925,1,1,1,False,True,False,False,True,False,False,True,False,False
555,1,3,-0.5657364610748746,0,0,-0.4918744606632361,-0.5609748304808925,1,1,0,True,False,False,False,True,False,True,False,False,False
830,1,1,2.5082572717767726,0,0,0.962353321387736,-0.5609748304808925,1,3,3,True,False,False,False,True,False,False,False,True,False
678,1,3,-0.8731358343600393,0,0,-0.45026210265472455,-0.5609748304808925,1,1,1,True,False,False,False,True,False,True,False,False,False
381,1,1,0.9712604053509489,0,0,3.9327230485884233,-0.5609748304808925,1,2,3,True,False,True,False,False,False,True,False,False,False
627,0,2,2.1240080551703167,0,0,-0.3997582667846179,-0.5609748304808925,1,3,1,False,True,False,True,False,False,False,False,False,True
303,0,3,-0.7962859910387481,0,0,-0.6484216535389205,-0.5609748304808925,1,1,0,False,True,False,False,True,False,False,True,False,False
433,1,2,0.9712604053509489,1,0,-0.12491978668775715,0.059159876663617626,0,2,2,True,False,False,False,True,False,False,False,True,False
523,0,3,-0.10463740114712752,0,0,-0.5029485386158568,-0.5609748304808925,1,1,0,False,True,True,False,False,False,False,True,False,False
405,0,3,-0.719436147717457,0,0,-0.47400492578514347,-0.5609748304808925,1,1,1,True,False,False,False,True,False,True,False,False,False
844,0,3,0.3948865804412651,0,0,-0.5188046047752911,-0.5609748304808925,1,2,0,False,True,True,False,False,False,False,True,False,False
356,0,3,-0.10463740114712752,0,0,-0.45714212526638004,-0.5609748304808925,1,1,1,False,True,False,False,True,False,False,True,False,False
465,0,3,-0.10463740114712752,0,0,-0.4863374216869257,-0.5609748304808925,1,1,1,False,True,False,False,True,False,False,True,False,False
754,0,3,-0.48888661775358344,0,0,-0.4894421904510968,-0.5609748304808925,1,1,0,False,True,False,False,True,False,False,True,False,False
213,0,3,-0.5657364610748746,0,0,-0.5024451714361923,-0.5609748304808925,1,1,0,False,True,False,False,True,False,False,True,False,False
450,1,1,1.7397588385638607,0,0,-0.034313694348132716,-0.5609748304808925,1,3,2,False,True,False,False,True,False,False,False,False,True
80,1,3,0.04906228549545483,0,0,-0.397241430886295,-0.5609748304808925,1,1,1,True,False,False,False,True,False,True,False,False,False
149,0,2,0.5485862670838475,0,2,-0.12491978668775715,0.6792945838081278,0,2,2,False,True,False,False,True,False,False,True,False,False
429,0,3,-0.10463740114712752,0,0,-0.49237782784290063,-0.5609748304808925,1,1,0,False,True,False,True,False,False,False,True,False,False
61,0,3,-0.5657364610748746,0,0,-0.5028639729296732,-0.5609748304808925,1,1,0,False,True,True,False,False,False,False,True,False,False
661,1,1,1.5860591519212783,2,0,2.042579288947925,0.6792945838081278,0,3,3,False,True,False,False,True,False,False,False,False,True
805,1,3,-0.1814872444684187,0,0,-0.5079822104125026,-0.5609748304808925,1,1,0,False,True,False,False,True,False,False,True,False,False
589,0,3,-0.5657364610748746,0,0,-0.4863374216869257,-0.5609748304808925,1,1,1,False,True,False,False,True,False,False,True,False,False
766,1,1,1.6629089952425695,1,0,0.921244330558889,0.059159876663617626,0,3,3,True,False,False,False,True,False,False,False,True,False
266,0,2,0.5101613454232019,0,0,-0.43700743807979686,-0.5609748304808925,1,2,1,False,True,False,False,True,False,False,True,False,False
134,1,2,-0.027787557825836348,1,0,-0.12491978668775715,0.059159876663617626,0,1,2,True,False,False,False,True,False,False,False,True,False
709,1,1,-0.5657364610748746,0,0,2.4029901895877646,-0.5609748304808925,1,1,3,True,False,False,False,True,False,True,False,False,False
545,0,1,1.5860591519212783,1,0,1.4944124302931971,0.059159876663617626,0,3,3,False,True,True,False,False,False,False,True,False,False
347,1,2,0.8175607187083667,0,0,-0.3866707201133388,-0.5609748304808925,1,2,1,True,False,False,False,True,False,True,False,False,False
822,1,3,-0.1814872444684187,0,0,-0.47400492578514347,-0.5609748304808925,1,1,1,False,True,False,False,True,False,False,True,False,False
634,0,1,-0.10463740114712752,0,0,-0.6484216535389205,-0.5609748304808925,1,1,0,False,True,False,False,True,False,False,True,False,False
457,0,1,2.738806801740646,0,0,-0.11384570873513637,-0.5609748304808925,1,4,2,False,True,False,False,True,False,False,True,False,False
501,0,3,-0.9499856776813305,0,0,-0.47400492578514347,-0.5609748304808925,1,1,1,False,True,False,False,True,False,False,True,False,False
431,1,1,-0.10463740114712752,0,0,-0.11384570873513637,-0.5609748304808925,1,1,2,False,True,False,False,True,False,False,True,False,False
446,1,1,-1.949033640858116,0,2,0.9997696105865636,0.6792945838081278,0,0,3,False,True,False,False,True,True,False,False,False,False
651,0,3,-0.10463740114712752,0,0,-0.4894421904510968,-0.5609748304808925,1,1,0,False,True,False,False,True,False,False,True,False,False
173,1,3,-2.1795831708219895,1,1,-0.4242561406845337,0.6792945838081278,0,0,1,True,False,False,False,True,False,True,False,False,False
451,0,2,0.5101613454232019,1,2,-0.08968408411123653,1.299429290952638,0,2,2,False,True,False,False,True,False,False,True,False,False
315,0,2,1.0481102486722402,1,1,-0.11988611489111134,0.6792945838081278,0,2,2,False,True,False,False,True,False,False,True,False,False
333,0,1,0.6638610320657843,0,1,2.441497778832105,0.059159876663617626,0,2,3,False,True,False,False,True,False,False,True,False,False
802,1,2,0.12591212881674602,1,1,-0.11988611489111134,0.6792945838081278,0,1,2,True,False,False,False,True,False,False,False,True,False
91,0,3,-0.027787557825836348,0,0,-0.4863374216869257,-0.5609748304808925,1,1,1,False,True,False,False,True,False,False,True,False,False
835,0,3,-0.8731358343600393,0,0,-0.48130374989027985,-0.5609748304808925,1,1,1,False,True,False,False,True,False,False,True,False,False
182,0,2,-0.10463740114712752,0,0,-0.34539461138084326,-0.5609748304808925,1,1,2,False,True,True,False,False,False,False,True,False,False
582,1,1,0.7407108753870755,1,1,1.5841789061771412,0.6792945838081278,0,2,3,True,False,True,False,False,False,False,False,True,False
796,0,2,0.7407108753870755,0,0,-0.3866707201133388,-0.5609748304808925,1,2,1,False,True,False,False,True,False,False,True,False,False
70,0,3,-0.2583370877897099,2,0,-0.47400492578514347,0.6792945838081278,0,1,1,False,True,False,False,True,False,False,True,False,False
132,0,3,-0.719436147717457,0,0,-0.5064721088735089,-0.5609748304808925,1,1,0,False,True,False,False,True,False,False,True,False,False
335,1,1,-0.10463740114712752,1,0,2.042579288947925,0.059159876663617626,0,1,3,True,False,False,False,True,False,False,False,True,False
598,0,3,1.5092093085999871,0,0,-0.6484216535389205,-0.5609748304808925,1,3,0,False,True,False,False,True,False,False,True,False,False
136,0,2,-0.48888661775358344,0,0,-0.3454791770670269,-0.5609748304808925,1,1,2,False,True,True,False,False,False,False,True,False,False
165,0,3,-2.1795831708219895,4,1,0.1506737441786005,2.5396987052416584,0,0,3,False,True,False,False,True,True,False,False,False,False
29,1,3,-0.10463740114712752,0,0,-0.48977642625839407,-0.5609748304808925,1,1,0,True,False,False,True,False,False,True,False,False,False
784,0,3,-0.10463740114712752,1,2,-0.17626323901354432,1.299429290952638,0,1,2,False,True,False,False,True,False,False,True,False,False
194,1,2,-2.025883484179407,1,1,-0.12491978668775715,0.6792945838081278,0,0,2,False,True,False,False,True,True,False,False,False,False
870,1,3,-1.949033640858116,1,1,-0.4242561406845337,0.6792945838081278,0,0,1,False,True,False,False,True,True,False,False,False,False
716,0,3,-0.7962859910387481,0,0,-0.494391296561559,-0.5609748304808925,1,1,0,False,True,False,False,True,False,False,True,False,False
526,0,3,0.8559856403690123,0,0,-0.49237782784290063,-0.5609748304808925,1,2,0,False,True,False,True,False,False,False,True,False,False
382,1,3,-2.1795831708219895,0,2,-0.33146744825388363,0.6792945838081278,0,0,2,True,False,True,False,False,False,True,False,False,False
141,0,3,-0.10463740114712752,0,2,-0.3414522396297103,0.6792945838081278,0,1,2,True,False,True,False,False,False,False,False,True,False
174,0,3,-0.6425863043961658,0,0,-0.4888542575852486,-0.5609748304808925,1,1,1,False,True,False,False,True,False,False,True,False,False
7,0,1,1.893458525206443,0,0,0.395813560675251,-0.5609748304808925,1,3,3,False,True,False,False,True,False,False,True,False,False
719,0,3,-0.10463740114712752,0,0,-0.3363340021468808,-0.5609748304808925,1,1,2,False,True,False,True,False,False,False,True,False,False
686,0,2,-0.33518693111100106,1,2,0.18876253192945994,1.299429290952638,0,1,3,False,True,True,False,False,False,False,True,False,False
74,0,3,-0.2583370877897099,1,0,-0.3573908580066095,0.059159876663617626,0,1,1,False,True,True,False,False,False,False,True,False,False
883,0,3,-0.5657364610748746,0,0,-0.4366711888037809,-0.5609748304808925,1,1,1,True,False,False,False,True,False,True,False,False,False
329,1,3,0.12591212881674602,1,1,-0.2351571990343002,0.6792945838081278,0,1,2,True,False,False,False,True,False,False,False,True,False
454,1,1,1.5092093085999871,1,0,1.145663540471827,0.059159876663617626,0,3,3,False,True,True,False,False,False,False,True,False,False
146,0,2,-0.7962859910387481,1,1,0.09152810056801232,0.6792945838081278,0,1,3,False,True,False,False,True,False,False,True,False,False
235,0,2,-0.41203677443229225,0,0,-0.43700743807979686,-0.5609748304808925,1,1,1,False,True,False,False,True,False,False,True,False,False
221,1,3,-1.0268355210026217,0,0,-0.4863374216869257,-0.5609748304808925,1,0,1,False,True,False,False,True,False,False,True,False,False
371,1,1,-0.33518693111100106,1,0,0.4678796330534696,0.059159876663617626,0,1,3,False,True,True,False,False,False,False,True,False,False
812,0,3,0.7407108753870755,0,0,-0.1621689579829361,-0.5609748304808925,1,2,2,False,True,False,False,True,False,False,True,False,False
133,0,3,1.3555096219574048,1,0,-0.35646868933346404,0.059159876663617626,0,2,2,True,False,False,False,True,False,False,False,True,False
695,0,1,2.3545575851341902,0,0,-0.11384570873513637,-0.5609748304808925,1,3,2,False,True,False,False,True,False,False,False,False,True
865,0,2,-0.41203677443229225,0,0,-0.3866707201133388,-0.5609748304808925,1,1,1,False,True,False,False,True,False,False,True,False,False
186,0,1,-0.10463740114712752,0,0,0.3583127057902398,-0.5609748304808925,1,1,3,False,True,False,False,True,False,False,True,False,False
42,0,2,-0.1814872444684187,1,0,-0.22559322262067316,0.059159876663617626,0,1,2,True,False,False,False,True,False,False,False,True,False
548,1,2,-0.10463740114712752,0,0,-0.3693045524149108,-0.5609748304808925,1,1,1,False,True,True,False,False,False,False,True,False,False
109,0,3,0.6638610320657843,0,0,-0.4894421904510968,-0.5609748304808925,1,2,0,False,True,False,False,True,False,False,True,False,False
604,0,3,1.1249600919935314,0,0,-0.4863374216869257,-0.5609748304808925,1,2,1,False,True,False,False,True,False,False,True,False,False
57,1,2,-0.6425863043961658,0,0,-0.43700743807979686,-0.5609748304808925,1,1,1,True,False,False,False,True,False,True,False,False,False
395,1,3,-0.41203677443229225,0,2,-0.312172377522981,0.6792945838081278,0,1,2,True,False,False,False,True,False,False,False,True,False
707,1,2,1.2018099353148226,0,0,-0.3766033765200472,-0.5609748304808925,1,2,1,True,False,False,False,True,False,False,False,True,False
550,1,2,-1.6416342675729512,1,1,0.09152810056801232,0.6792945838081278,0,0,3,False,True,False,False,True,True,False,False,False,False
25,0,3,-1.6416342675729512,3,1,-0.22408312108167944,1.9195639980971482,0,0,2,True,False,False,False,True,False,True,False,False,False
352,0,1,-0.10463740114712752,0,0,0.05629239799149171,-0.5609748304808925,1,1,3,False,True,False,False,True,False,False,True,False,False
430,1,3,0.20276197213803718,0,0,-0.4863374216869257,-0.5609748304808925,1,1,1,False,True,False,False,True,False,False,True,False,False
435,0,1,1.5860591519212783,1,0,0.4771073601910807,0.059159876663617626,0,3,3,False,True,False,False,True,False,False,True,False,False
52,0,3,-0.6425863043961658,0,0,-0.4913710934835715,-0.5609748304808925,1,1,0,False,True,False,False,True,False,False,True,False,False
527,1,2,1.5860591519212783,0,0,-0.43700743807979686,-0.5609748304808925,1,3,1,True,False,False,False,True,False,True,False,False,False
817,0,3,-0.48888661775358344,0,0,-0.4888542575852486,-0.5609748304808925,1,1,1,True,False,False,False,True,False,True,False,False,False
570,1,3,0.20276197213803718,0,0,-0.4902797934380587,-0.5609748304808925,1,1,0,False,True,False,False,True,False,False,True,False,False
265,0,3,-0.10463740114712752,0,0,-0.49237782784290063,-0.5609748304808925,1,1,0,True,False,False,True,False,False,True,False,False,False
437,0,3,-0.6425863043961658,2,2,0.04370821849987721,1.9195639980971482,0,1,3,True,False,False,False,True,False,True,False,False,False
614,0,3,-0.10463740114712752,0,0,-0.49237782784290063,-0.5609748304808925,1,1,0,False,True,False,True,False,False,False,True,False,False
694,0,3,-0.33518693111100106,0,0,-0.5029485386158568,-0.5609748304808925,1,1,0,False,True,True,False,False,False,False,True,False,False
353,0,3,-1.1036853643239128,1,1,-0.5028639729296732,0.6792945838081278,0,0,0,False,True,True,False,False,False,False,True,False,False
19,0,3,0.12591212881674602,1,0,-0.2859972841804228,0.059159876663617626,0,1,2,True,False,False,False,True,False,False,False,True,False
667,0,2,-0.33518693111100106,0,0,-0.3866707201133388,-0.5609748304808925,1,1,1,False,True,False,False,True,False,False,True,False,False
583,0,2,1.893458525206443,0,0,-0.12491978668775715,-0.5609748304808925,1,3,2,False,True,False,False,True,False,False,True,False,False
84,0,1,-0.10463740114712752,0,0,0.29992211294914856,-0.5609748304808925,1,1,3,False,True,False,False,True,False,False,True,False,False
62,1,1,0.6638610320657843,0,0,0.962353321387736,-0.5609748304808925,1,2,3,True,False,False,False,True,False,True,False,False,False
273,1,2,0.8944105620296577,0,1,-0.255795253400548,0.059159876663617626,0,2,2,True,False,False,False,True,False,False,False,True,False
286,0,3,0.27961181545932834,0,0,-0.47400492578514347,-0.5609748304808925,1,2,1,False,True,True,False,False,False,False,True,False,False
696,0,2,1.7397588385638607,0,0,-0.3766033765200472,-0.5609748304808925,1,3,1,False,True,False,False,True,False,False,True,False,False
747,0,3,-1.0268355210026217,1,1,-0.24069423801061057,0.6792945838081278,0,0,2,False,True,False,False,True,False,False,True,False,False
13,0,3,-0.719436147717457,0,0,-0.4863374216869257,-0.5609748304808925,1,1,1,False,True,False,False,True,False,False,True,False,False
183,0,3,-1.56478442425166,4,2,-0.016444159470040135,3.1598334123861687,0,0,3,False,True,False,False,True,True,False,False,False,False
445,1,3,-0.10463740114712752,0,0,-0.48507900373776425,-0.5609748304808925,1,1,1,False,True,False,False,True,False,False,True,False,False
553,0,3,-0.10463740114712752,0,0,-0.49078316061772326,-0.5609748304808925,1,1,0,False,True,False,True,False,False,False,True,False,False
224,0,3,-0.10463740114712752,0,0,-0.4894421904510968,-0.5609748304808925,1,1,0,False,True,False,False,True,False,False,True,False,False
514,1,1,1.893458525206443,1,0,0.5475787653441219,0.059159876663617626,0,3,3,True,False,True,False,False,False,False,False,True,False
629,0,3,-0.2583370877897099,0,0,-0.4894421904510968,-0.5609748304808925,1,1,0,False,True,False,False,True,False,False,True,False,False
588,1,1,2.3545575851341902,1,1,0.9462455716384695,0.6792945838081278,0,3,3,False,True,True,False,False,False,False,True,False,False
693,1,3,-0.10463740114712752,0,0,0.48910360681684706,-0.5609748304808925,1,1,3,False,True,False,False,True,False,False,True,False,False
524,1,1,1.1249600919935314,0,1,0.5189714017894245,0.059159876663617626,0,2,3,True,False,True,False,False,False,False,False,True,False
665,1,3,-0.719436147717457,1,0,-0.4888542575852486,0.059159876663617626,0,1,1,False,True,False,False,True,False,False,True,False,False
177,0,3,-0.10463740114712752,3,1,-0.13565761536436197,1.9195639980971482,0,1,2,False,True,False,False,True,True,False,False,False,False
842,0,2,-1.0268355210026217,0,0,-0.43700743807979686,-0.5609748304808925,1,0,1,False,True,False,False,True,False,False,True,False,False
679,0,3,1.0481102486722402,1,6,0.2958951755118318,3.779968119530679,0,2,3,True,False,False,False,True,False,False,False,True,False
164,0,3,-0.9499856776813305,0,0,-0.47400492578514347,-0.5609748304808925,1,1,1,False,True,False,False,True,False,False,True,False,False
249,1,1,0.5870111887444931,1,1,0.40974072380221066,0.6792945838081278,0,2,3,False,True,False,False,True,False,False,True,False,False
571,1,2,2.5082572717767726,0,0,-0.43700743807979686,-0.5609748304808925,1,3,1,False,True,False,False,True,False,False,True,False,False
788,0,3,-1.6416342675729512,4,1,-0.06199888922968463,2.5396987052416584,0,0,2,False,True,False,True,False,True,False,False,False,False
75,1,3,0.20276197213803718,0,0,0.48910360681684706,-0.5609748304808925,1,1,3,False,True,False,False,True,False,False,True,False,False
114,0,3,-0.719436147717457,1,0,-0.4505983519307405,0.059159876663617626,0,1,1,True,False,False,False,True,False,True,False,False,False
636,1,2,-0.10463740114712752,0,0,-0.3866707201133388,-0.5609748304808925,1,1,1,True,False,False,False,True,False,True,False,False,False
502,0,3,-0.6425863043961658,0,0,-0.49237782784290063,-0.5609748304808925,1,1,0,True,False,False,True,False,False,True,False,False,False
105,0,3,0.5870111887444931,2,0,-0.4888542575852486,0.6792945838081278,0,2,1,False,True,False,False,True,False,False,True,False,False
115,0,3,-0.9499856776813305,0,0,-0.3573083057891445,-0.5609748304808925,1,1,2,True,False,True,False,False,False,True,False,False,False
369,1,3,-0.10463740114712752,0,0,-0.49237782784290063,-0.5609748304808925,1,1,0,True,False,False,True,False,False,True,False,False,False
93,0,1,1.2786597786361138,1,0,0.5833178351003071,0.059159876663617626,0,2,3,False,True,False,False,True,False,False,True,False,False
498,0,3,-0.10463740114712752,0,0,-0.3443878770215141,-0.5609748304808925,1,1,2,False,True,False,False,True,False,False,True,False,False
90,0,3,-0.41203677443229225,0,0,-0.4863374216869257,-0.5609748304808925,1,1,1,False,True,False,False,True,False,False,True,False,False
337,0,1,-0.027787557825836348,1,0,0.6925485130875209,0.059159876663617626,0,1,3,False,True,False,False,True,False,False,True,False,False
880,1,1,2.0471582118490255,0,1,1.0259447039291216,0.059159876663617626,0,3,3,True,False,True,False,False,False,False,False,True,False
818,0,2,0.12591212881674602,1,1,0.09664633805084172,0.6792945838081278,0,1,3,False,True,True,False,False,False,False,True,False,False
829,1,3,-0.10463740114712752,0,0,-0.49237782784290063,-0.5609748304808925,1,1,0,False,True,False,True,False,False,False,True,False,False
544,1,2,0.20276197213803718,1,0,-0.12491978668775715,0.059159876663617626,0,1,2,False,True,False,False,True,False,False,True,False,False
549,0,3,0.27961181545932834,1,1,-0.2351571990343002,0.6792945838081278,0,2,2,False,True,False,False,True,False,False,True,False,False
95,0,3,2.277707741812899,0,0,-0.5024451714361923,-0.5609748304808925,1,3,0,False,True,False,False,True,False,False,True,False,False
12,1,1,2.200857898491608,0,0,-0.11384570873513637,-0.5609748304808925,1,3,2,True,False,False,False,True,False,True,False,False,False
432,1,3,-0.10463740114712752,1,0,-0.32425318983493084,0.059159876663617626,0,1,2,True,False,False,False,True,False,False,False,True,False
44,1,2,-2.025883484179407,1,2,0.18876253192945994,1.299429290952638,0,0,3,True,False,True,False,False,False,True,False,False,False
43,0,3,-0.10463740114712752,0,0,-0.4894421904510968,-0.5609748304808925,1,1,0,False,True,True,False,False,False,False,True,False,False
330,1,1,-1.0268355210026217,0,1,0.5189714017894245,0.059159876663617626,0,0,3,True,False,True,False,False,False,True,False,False,False
168,0,3,1.2018099353148226,1,4,-0.08666388103324908,2.5396987052416584,0,2,2,True,False,False,False,True,False,False,False,True,False
780,1,1,1.0481102486722402,0,1,3.6067927997556075,0.059159876663617626,0,2,3,True,False,False,False,True,False,False,False,True,False
538,1,1,0.04906228549545483,0,0,1.4944124302931971,-0.5609748304808925,1,1,3,True,False,True,False,False,False,True,False,False,False
736,0,3,-0.06621247948648194,0,0,-0.32425318983493084,-0.5609748304808925,1,1,2,False,True,False,False,True,False,False,True,False,False
500,0,3,-0.41203677443229225,0,0,-0.49145565916975514,-0.5609748304808925,1,1,0,False,True,False,False,True,False,False,True,False,False
179,0,2,0.04906228549545483,0,0,-0.3866707201133388,-0.5609748304808925,1,1,1,False,True,False,False,True,False,False,True,False,False
584,0,1,0.5101613454232019,0,0,0.15948266982273065,-0.5609748304808925,1,2,3,False,True,True,False,False,False,False,True,False,False
785,0,3,-0.33518693111100106,0,0,-0.5064721088735089,-0.5609748304808925,1,1,0,False,True,False,False,True,False,False,True,False,False
594,0,3,-0.10463740114712752,0,2,-0.49237782784290063,0.6792945838081278,0,1,0,True,False,False,True,False,False,True,False,False,False
178,0,1,1.5860591519212783,0,0,-0.07030444769415023,-0.5609748304808925,1,3,2,True,False,True,False,False,False,True,False,False,False
645,1,3,-2.1987956316523123,2,1,-0.26066180729354516,1.299429290952638,0,0,2,True,False,True,False,False,False,True,False,False,False
711,1,1,-0.41203677443229225,0,0,0.3483299278831318,-0.5609748304808925,1,1,3,True,False,True,False,False,False,True,False,False,False
616,1,2,-0.41203677443229225,1,2,0.6603330135889879,1.299429290952638,0,1,3,True,False,False,False,True,False,True,False,False,False
384,1,1,0.4333115021019107,1,0,0.39858208016340624,0.059159876663617626,0,2,3,True,False,False,False,True,False,False,False,True,False
258,1,1,0.04906228549545483,0,0,1.093228788100527,-0.5609748304808925,1,1,3,True,False,False,False,True,False,True,False,False,False
735,0,2,-0.48888661775358344,0,0,-0.3866707201133388,-0.5609748304808925,1,1,1,False,True,False,False,True,False,False,True,False,False
336,0,3,-0.10463740114712752,0,0,-0.4894421904510968,-0.5609748304808925,1,1,0,False,True,False,False,True,False,False,True,False,False
552,0,2,-0.1814872444684187,0,0,-0.12491978668775715,-0.5609748304808925,1,1,2,False,True,False,False,True,False,False,True,False,False
16,1,2,1.9703083685277343,0,0,-0.3262666585535892,-0.5609748304808925,1,3,2,True,False,False,False,True,False,False,False,True,False
4,1,1,0.4333115021019107,1,0,0.4207302360686478,0.059159876663617626,0,2,3,True,False,False,False,True,False,False,False,True,False
412,0,3,-0.10463740114712752,0,0,-0.5103319284071769,-0.5609748304808925,1,1,0,False,True,False,True,False,False,False,True,False,False
257,1,1,-0.10463740114712752,0,0,0.9462455716384695,-0.5609748304808925,1,1,3,True,False,True,False,False,False,False,False,True,False
452,0,3,-0.10463740114712752,1,0,-0.2463983948905696,0.059159876663617626,0,1,2,False,True,False,False,True,False,False,True,False,False
474,1,2,-0.48888661775358344,0,0,-0.3707300882677209,-0.5609748304808925,1,1,1,True,False,True,False,False,False,False,False,True,False
698,1,3,-0.10463740114712752,0,0,-0.49271407711891657,-0.5609748304808925,1,1,0,True,False,False,True,False,False,True,False,False,False
394,1,1,-0.48888661775358344,1,0,1.6323350375212924,0.059159876663617626,0,1,3,True,False,True,False,False,False,True,False,False,False
223,0,3,1.6629089952425695,0,0,-0.4863374216869257,-0.5609748304808925,1,3,1,False,True,False,False,True,False,False,True,False,False
507,1,2,0.27961181545932834,0,2,-0.12491978668775715,0.6792945838081278,0,2,2,True,False,False,False,True,False,False,False,True,False
568,0,3,-0.027787557825836348,0,4,-0.22408312108167944,1.9195639980971482,0,1,2,True,False,False,False,True,False,False,False,True,False
421,0,3,-0.10463740114712752,0,0,-0.4894421904510968,-0.5609748304808925,1,1,0,False,True,True,False,False,False,False,True,False,False
325,0,3,-0.10463740114712752,8,2,0.7519458402879414,5.64037224096421,0,1,3,False,True,False,False,True,False,False,True,False,False
531,1,2,-2.1027333275006983,1,1,-0.12491978668775715,0.6792945838081278,0,0,2,True,False,False,False,True,False,True,False,False,False
10,1,2,-1.180535207645204,1,0,-0.04295550208861426,0.059159876663617626,0,0,2,True,False,True,False,False,False,False,False,True,False
250,0,2,1.893458525206443,1,0,-0.12491978668775715,0.059159876663617626,0,3,2,False,True,False,False,True,False,False,False,False,True
23,1,3,-1.1036853643239128,0,0,-0.4867562231804066,-0.5609748304808925,1,0,1,True,False,False,True,False,False,True,False,False,False
357,1,1,-0.5657364610748746,0,1,0.4589861417231558,0.059159876663617626,0,1,3,True,False,False,False,True,False,True,False,False,False
222,0,2,-0.1814872444684187,0,0,-0.3866707201133388,-0.5609748304808925,1,1,1,False,True,False,False,True,False,False,True,False,False
602,0,3,-0.10463740114712752,0,0,-0.4894421904510968,-0.5609748304808925,1,1,0,False,True,False,False,True,False,False,True,False,False
767,0,1,-0.10463740114712752,0,0,0.1489119590497745,-0.5609748304808925,1,1,3,False,True,True,False,False,False,False,False,False,True
875,1,2,-0.10463740114712752,1,0,-0.16518916106092355,0.059159876663617626,0,1,2,True,False,True,False,False,False,False,False,True,False
529,0,3,0.7407108753870755,0,0,-0.4888542575852486,-0.5609748304808925,1,2,1,False,True,False,False,True,False,False,True,False,False
341,1,2,-2.1027333275006983,1,1,-0.12491978668775715,0.6792945838081278,0,0,2,False,True,False,False,True,True,False,False,False,False
744,0,3,-0.41203677443229225,1,0,-0.32425318983493084,0.059159876663617626,0,1,2,False,True,False,False,True,False,False,True,False,False
520,0,3,0.20276197213803718,0,0,-0.4894421904510968,-0.5609748304808925,1,1,0,False,True,False,False,True,False,False,True,False,False
204,0,3,1.2402348569754682,0,0,-0.5029485386158568,-0.5609748304808925,1,2,0,False,True,True,False,False,False,False,True,False,False
238,1,2,-1.6416342675729512,0,2,-0.11988611489111134,0.6792945838081278,0,0,2,True,False,False,False,True,False,True,False,False,False
94,0,3,-0.2583370877897099,1,2,-0.23415046467497105,1.299429290952638,0,1,2,False,True,False,False,True,False,False,True,False,False
731,1,1,-0.027787557825836348,0,0,3.6067927997556075,-0.5609748304808925,1,1,3,True,False,False,False,True,False,True,False,False,False
441,1,2,1.2018099353148226,1,1,-0.11988611489111134,0.6792945838081278,0,2,2,True,False,False,False,True,False,False,False,True,False
560,1,3,0.5101613454232019,1,0,-0.29807809649237277,0.059159876663617626,0,2,2,True,False,False,False,True,False,False,False,True,False
285,0,1,-0.10463740114712752,0,0,-0.12491978668775715,-0.5609748304808925,1,1,2,False,True,False,False,True,False,False,True,False,False
185,1,3,-1.949033640858116,0,2,-0.20495516825442542,0.6792945838081278,0,0,2,True,False,False,False,True,False,True,False,False,False
792,0,2,-1.0268355210026217,0,0,-0.12491978668775715,-0.5609748304808925,1,0,2,False,True,False,False,True,False,False,True,False,False
488,0,1,2.200857898491608,0,0,-0.05042144409739929,-0.5609748304808925,1,3,2,False,True,True,False,False,False,False,True,False,False
154,0,3,0.8559856403690123,0,2,-0.35646868933346404,0.6792945838081278,0,2,2,False,True,False,False,True,False,False,True,False,False
76,0,3,-0.33518693111100106,0,0,-0.494391296561559,-0.5609748304808925,1,1,0,False,True,False,False,True,False,False,True,False,False
657,0,3,-0.10463740114712752,0,0,-0.4894421904510968,-0.5609748304808925,1,1,0,False,True,False,False,True,False,False,True,False,False
632,0,3,1.6629089952425695,0,0,-0.5063875431873253,-0.5609748304808925,1,3,0,False,True,False,False,True,False,False,True,False,False
278,0,2,-0.10463740114712752,0,0,-0.6484216535389205,-0.5609748304808925,1,1,0,False,True,False,False,True,False,False,True,False,False
69,1,3,-0.9499856776813305,4,2,-0.4888542575852486,3.1598334123861687,0,1,1,True,False,False,False,True,False,True,False,False,False
826,0,3,-0.10463740114712752,0,0,-0.5084855775921673,-0.5609748304808925,1,1,0,False,True,False,True,False,False,False,True,False,False
189,0,3,0.8175607187083667,1,1,-0.3363340021468808,0.6792945838081278,0,2,2,False,True,False,True,False,False,False,True,False,False
272,1,3,-0.33518693111100106,0,0,-0.6484216535389205,-0.5609748304808925,1,1,0,False,True,False,False,True,False,False,True,False,False
663,0,1,1.3555096219574048,0,0,-0.13322534515222276,-0.5609748304808925,1,2,2,False,True,False,False,True,False,False,True,False,False
712,0,1,-0.10463740114712752,0,0,-0.11384570873513637,-0.5609748304808925,1,1,2,False,True,False,False,True,False,False,True,False,False
237,0,2,1.1249600919935314,1,0,-0.12491978668775715,0.059159876663617626,0,2,2,False,True,False,False,True,False,False,True,False,False
89,1,1,-0.48888661775358344,3,2,4.647001076532463,2.5396987052416584,0,1,3,True,False,False,False,True,False,True,False,False,False
758,0,2,-0.8731358343600393,0,0,-0.41687275089321363,-0.5609748304808925,1,1,1,False,True,False,False,True,False,False,True,False,False
118,0,2,-0.027787557825836348,1,0,-0.22559322262067316,0.059159876663617626,0,1,2,False,True,False,False,True,False,False,True,False,False
126,1,3,-1.3342348942877864,1,0,-0.42207354059350805,0.059159876663617626,0,0,1,False,True,True,False,False,True,False,False,False,False
732,0,3,-1.4110847376090776,0,0,-0.2701412180209885,-0.5609748304808925,1,0,2,False,True,True,False,False,False,False,True,False,False
290,1,3,-0.5657364610748746,0,0,-0.49237782784290063,-0.5609748304808925,1,1,0,True,False,False,True,False,False,True,False,False,False
239,0,2,-0.7962859910387481,0,0,-0.43700743807979686,-0.5609748304808925,1,1,1,False,True,False,False,True,False,False,True,False,False
1,0,3,-0.5657364610748746,1,0,-0.5024451714361923,0.059159876663617626,0,1,0,False,True,False,False,True,False,False,True,False,False
882,0,3,0.27961181545932834,0,0,-0.4894421904510968,-0.5609748304808925,1,2,0,False,True,False,False,True,False,False,True,False,False
468,0,1,2.0471582118490255,0,0,-0.11384570873513637,-0.5609748304808925,1,3,2,False,True,False,False,True,False,False,True,False,False
828,1,2,-2.1795831708219895,0,2,0.09664633805084172,0.6792945838081278,0,0,3,False,True,True,False,False,True,False,False,False,False
396,0,3,-0.5657364610748746,0,0,-0.49145565916975514,-0.5609748304808925,1,1,0,False,True,False,False,True,False,False,True,False,False
532,0,3,-0.10463740114712752,0,0,-0.5028639729296732,-0.5609748304808925,1,1,0,False,True,True,False,False,False,False,True,False,False
127,0,3,-0.10463740114712752,0,0,-0.49237782784290063,-0.5609748304808925,1,1,0,False,True,False,True,False,False,False,True,False,False
279,0,3,-1.7184841108942424,4,1,-0.06199888922968463,2.5396987052416584,0,0,2,False,True,False,True,False,True,False,False,False,False
692,1,3,-1.949033640858116,0,1,-0.37828059596268965,0.059159876663617626,0,0,1,True,False,True,False,False,False,True,False,False,False
117,0,3,3.1614809400077477,0,0,-0.49237782784290063,-0.5609748304808925,1,4,0,False,True,False,True,False,False,False,True,False,False
229,0,2,-0.8731358343600393,0,0,-0.3866707201133388,-0.5609748304808925,1,1,1,False,True,False,False,True,False,False,True,False,False
623,1,3,-0.719436147717457,1,1,-0.33146744825388363,0.6792945838081278,0,1,2,False,True,True,False,False,False,False,True,False,False
656,0,2,-0.41203677443229225,2,0,0.8314778546749452,0.6792945838081278,0,1,3,False,True,False,False,True,False,False,True,False,False
599,0,3,-0.10463740114712752,0,0,-0.5029485386158568,-0.5609748304808925,1,1,0,False,True,True,False,False,False,False,True,False,False
517,1,2,0.35646165878061953,0,0,-0.43700743807979686,-0.5609748304808925,1,2,1,True,False,False,False,True,False,False,False,True,False
275,1,3,-0.10463740114712752,0,0,-0.49237782784290063,-0.5609748304808925,1,1,0,True,False,False,True,False,False,True,False,False,False
319,1,1,0.12591212881674602,0,2,2.671117778445337,0.6792945838081278,0,1,3,True,False,False,False,True,False,True,False,False,False
607,0,3,0.04906228549545483,0,0,-0.4894421904510968,-0.5609748304808925,1,1,0,False,True,False,False,True,False,False,True,False,False
145,0,2,-0.8731358343600393,0,0,-0.41687275089321363,-0.5609748304808925,1,1,1,False,True,False,False,True,False,False,True,False,False
635,0,3,-1.56478442425166,3,2,-0.08666388103324908,2.5396987052416584,0,0,2,True,False,False,False,True,False,True,False,False,False
559,1,1,0.7407108753870755,1,1,0.955306180872432,0.6792945838081278,0,2,3,True,False,False,False,True,False,False,False,True,False
810,1,1,0.27961181545932834,1,0,0.4207302360686478,0.059159876663617626,0,2,3,True,False,False,False,True,False,False,False,True,False
746,0,1,3.123056018347102,1,1,0.7811411367084872,0.6792945838081278,0,4,3,False,True,False,False,True,False,False,False,False,True
370,1,1,-0.41203677443229225,0,0,0.7469121684912956,-0.5609748304808925,1,1,3,True,False,True,False,False,False,False,False,True,False
269,1,1,2.200857898491608,0,1,2.441497778832105,0.059159876663617626,0,3,3,True,False,False,False,True,False,False,False,True,False
624,0,3,-0.6425863043961658,0,0,-0.4902797934380587,-0.5609748304808925,1,1,0,False,True,False,False,True,False,False,True,False,False
308,1,1,-0.9499856776813305,1,0,1.5442457810799908,0.059159876663617626,0,1,3,True,False,True,False,False,False,False,False,True,False
424,0,3,-0.10463740114712752,1,1,-0.35848215805212236,0.6792945838081278,0,1,1,True,False,False,False,True,False,False,False,True,False
311,1,1,-0.41203677443229225,0,0,1.0259447039291216,-0.5609748304808925,1,1,3,True,False,True,False,False,False,True,False,False,False
355,0,3,-0.10463740114712752,0,0,-0.5029485386158568,-0.5609748304808925,1,1,0,False,True,True,False,False,False,False,True,False,False
47,0,3,-0.10463740114712752,1,0,-0.3363340021468808,0.059159876663617626,0,1,2,False,True,False,True,False,False,False,True,False,False
350,0,3,0.9712604053509489,0,0,-0.47400492578514347,-0.5609748304808925,1,2,1,False,True,False,False,True,False,False,True,False,False
372,0,3,-0.8731358343600393,1,0,-0.5176307525123133,0.059159876663617626,0,1,0,False,True,False,False,True,False,False,True,False,False
480,1,3,-2.1027333275006983,0,1,-0.4010166847337793,0.059159876663617626,0,0,1,True,False,False,False,True,False,True,False,False,False
577,1,2,0.35646165878061953,0,0,-0.3866707201133388,-0.5609748304808925,1,2,1,True,False,False,False,True,False,True,False,False,False
262,1,3,-2.025883484179407,4,2,-0.016444159470040135,3.1598334123861687,0,0,3,False,True,False,False,True,True,False,False,False,False
196,1,1,2.200857898491608,0,0,2.301728820789,-0.5609748304808925,1,3,3,True,False,True,False,False,False,True,False,False,False
891,0,3,0.20276197213803718,0,0,-0.49237782784290063,-0.5609748304808925,1,1,0,False,True,False,True,False,False,False,True,False,False
745,1,3,0.12591212881674602,0,0,-0.4888542575852486,-0.5609748304808925,1,1,1,False,True,False,False,True,False,False,True,False,False
108,1,3,-0.10463740114712752,0,0,-0.4918744606632361,-0.5609748304808925,1,1,0,False,True,False,False,True,False,False,True,False,False
867,1,2,-0.1814872444684187,1,0,-0.3693891181010945,0.059159876663617626,0,1,1,True,False,True,False,False,False,True,False,False,False
60,0,3,-1.4110847376090776,5,2,0.2958951755118318,3.779968119530679,0,0,3,False,True,False,False,True,True,False,False,False,False
659,0,2,-0.48888661775358344,0,0,-0.3866707201133388,-0.5609748304808925,1,1,1,False,True,False,False,True,False,False,True,False,False
264,0,1,0.8175607187083667,0,0,-0.6484216535389205,-0.5609748304808925,1,2,0,False,True,False,False,True,False,False,True,False,False
569,0,3,-0.10463740114712752,0,0,-0.5028639729296732,-0.5609748304808925,1,1,0,False,True,True,False,False,False,False,True,False,False
101,0,3,-0.10463740114712752,0,0,-0.4894421904510968,-0.5609748304808925,1,1,0,True,False,False,False,True,False,True,False,False,False
444,1,2,-0.10463740114712752,0,0,-0.3866707201133388,-0.5609748304808925,1,1,1,True,False,False,False,True,False,True,False,False,False
491,0,3,-0.10463740114712752,1,0,-0.2463983948905696,0.059159876663617626,0,1,2,False,True,False,False,True,False,False,True,False,False
688,0,3,-0.7962859910387481,0,0,-0.44363577710162005,-0.5609748304808925,1,1,1,False,True,False,False,True,False,False,True,False,False
800,0,3,0.04906228549545483,1,1,-0.1621689579829361,0.6792945838081278,0,1,2,True,False,False,False,True,False,False,False,True,False
641,0,3,-0.719436147717457,0,0,-0.4902797934380587,-0.5609748304808925,1,1,0,False,True,False,False,True,False,False,True,False,False
170,0,3,-0.10463740114712752,0,0,0.48910360681684706,-0.5609748304808925,1,1,3,False,True,False,False,True,False,False,True,False,False
180,0,3,0.5101613454232019,0,0,-0.6484216535389205,-0.5609748304808925,1,2,0,False,True,False,False,True,False,False,True,False,False
305,0,3,-0.10463740114712752,0,0,-0.4863374216869257,-0.5609748304808925,1,1,1,False,True,False,False,True,False,False,True,False,False
342,1,1,-0.41203677443229225,3,2,4.647001076532463,2.5396987052416584,0,1,3,True,False,False,False,True,False,True,False,False,False
58,0,3,-0.06621247948648194,0,0,-0.5028639729296732,-0.5609748304808925,1,1,0,False,True,True,False,False,False,False,True,False,False
859,1,3,-0.41203677443229225,0,3,-0.26066180729354516,1.299429290952638,0,1,2,True,False,True,False,False,False,False,False,True,False
150,0,2,0.9712604053509489,0,0,-0.3866707201133388,-0.5609748304808925,1,2,1,False,True,False,False,True,False,False,False,False,True
125,0,1,1.893458525206443,0,1,0.907737982394129,0.059159876663617626,0,3,3,False,True,False,False,True,False,False,True,False,False
704,0,3,-0.33518693111100106,0,0,-0.4925449457465493,-0.5609748304808925,1,1,0,False,True,False,True,False,False,False,True,False,False
51,0,3,-1.7184841108942424,4,1,0.1506737441786005,2.5396987052416584,0,0,3,False,True,False,False,True,True,False,False,False,False
354,0,3,-0.33518693111100106,1,0,-0.29002422161773944,0.059159876663617626,0,1,2,False,True,False,False,True,False,False,True,False,False
824,1,3,-0.1814872444684187,0,1,-0.397241430886295,0.059159876663617626,0,1,1,True,False,False,False,True,False,False,False,True,False
143,1,3,-0.41203677443229225,1,0,-0.32928686163157667,0.059159876663617626,0,1,2,True,False,False,False,True,False,False,False,True,False
471,0,3,-0.10463740114712752,0,0,-0.5024451714361923,-0.5609748304808925,1,1,0,False,True,False,False,True,False,False,True,False,False
400,1,2,-0.10463740114712752,0,0,-0.393717860628643,-0.5609748304808925,1,1,1,True,False,False,False,True,False,False,False,True,False
576,0,3,-0.7962859910387481,0,0,-0.35646868933346404,-0.5609748304808925,1,1,2,False,True,False,False,True,False,False,True,False,False
321,0,3,-0.5657364610748746,0,0,-0.5024451714361923,-0.5609748304808925,1,1,0,False,True,False,False,True,False,False,True,False,False
20,1,3,-0.10463740114712752,0,0,-0.5029485386158568,-0.5609748304808925,1,1,0,True,False,True,False,False,False,False,False,True,False
793,0,3,-0.10463740114712752,8,2,0.7519458402879414,5.64037224096421,0,1,3,True,False,False,False,True,False,True,False,False,False
708,1,1,0.9712604053509489,0,0,-0.11913106412161445,-0.5609748304808925,1,2,2,False,True,False,False,True,False,False,True,False,False
724,0,2,1.5860591519212783,0,0,-0.3866707201133388,-0.5609748304808925,1,3,1,False,True,False,False,True,False,False,True,False,False
408,1,2,-2.025883484179407,1,1,-0.2708962687904854,0.6792945838081278,0,0,2,False,True,False,False,True,True,False,False,False,False
558,0,1,-0.10463740114712752,0,0,3.9327230485884233,-0.5609748304808925,1,1,3,False,True,True,False,False,False,False,True,False,False
39,0,3,-0.8731358343600393,2,0,-0.2859972841804228,0.6792945838081278,0,1,2,True,False,False,False,True,False,True,False,False,False
176,0,3,-0.8731358343600393,1,1,-0.4902797934380587,0.6792945838081278,0,1,0,False,True,False,False,True,False,False,True,False,False
246,0,1,1.1249600919935314,2,0,1.163700193253568,0.6792945838081278,0,2,3,False,True,False,True,False,False,False,False,False,True
741,1,1,-0.10463740114712752,0,0,-0.04438103794142432,-0.5609748304808925,1,1,2,False,True,False,False,True,False,False,True,False,False
603,0,1,-0.10463740114712752,0,0,0.2052890831722074,-0.5609748304808925,1,1,3,False,True,False,False,True,False,False,True,False,False
769,0,3,-0.10463740114712752,1,0,-0.1621689579829361,0.059159876663617626,0,1,2,False,True,False,True,False,False,False,True,False,False
765,0,3,-1.0268355210026217,0,0,-0.4918744606632361,-0.5609748304808925,1,0,0,False,True,False,False,True,False,False,True,False,False
155,0,3,-0.10463740114712752,0,0,-0.5011867534870308,-0.5609748304808925,1,1,0,False,True,False,False,True,False,False,True,False,False
288,0,3,-0.5657364610748746,0,0,-0.4894421904510968,-0.5609748304808925,1,1,0,False,True,False,False,True,False,False,True,False,False
751,1,2,-1.949033640858116,1,1,-0.18532384824750675,0.6792945838081278,0,0,2,True,False,False,False,True,False,True,False,False,False
18,1,2,-0.10463740114712752,0,0,-0.3866707201133388,-0.5609748304808925,1,1,1,False,True,False,False,True,False,False,True,False,False
128,1,3,-0.41203677443229225,0,0,-0.5046257580584992,-0.5609748304808925,1,1,0,False,True,False,False,True,False,False,True,False,False
323,1,2,0.04906228549545483,0,0,-0.3997582667846179,-0.5609748304808925,1,1,1,True,False,False,True,False,False,True,False,False,False
256,1,3,-0.027787557825836348,0,2,-0.3414522396297103,0.6792945838081278,0,1,2,True,False,True,False,False,False,False,False,True,False
771,0,3,-0.41203677443229225,0,0,-0.45714212526638004,-0.5609748304808925,1,1,1,False,True,False,False,True,False,False,True,False,False
857,1,1,1.2018099353148226,1,1,2.671117778445337,0.6792945838081278,0,2,3,True,False,False,False,True,False,False,False,True,False
191,1,2,0.20276197213803718,0,0,-0.3866707201133388,-0.5609748304808925,1,1,1,True,False,False,False,True,False,False,False,True,False
116,0,3,-0.6425863043961658,0,0,-0.4888542575852486,-0.5609748304808925,1,1,1,False,True,False,False,True,False,False,True,False,False
738,1,1,0.4333115021019107,0,0,9.667166525013505,-0.5609748304808925,1,2,3,False,True,True,False,False,False,False,True,False,False
181,0,3,-0.10463740114712752,8,2,0.7519458402879414,5.64037224096421,0,1,3,True,False,False,False,True,False,True,False,False,False
302,1,3,-0.10463740114712752,2,0,-0.18029017645086096,0.6792945838081278,0,1,2,False,True,False,True,False,False,False,True,False,False
680,1,1,0.5101613454232019,0,1,9.667166525013505,0.059159876663617626,0,2,3,False,True,True,False,False,False,False,True,False,False
639,0,3,0.8944105620296577,0,5,0.1506737441786005,2.5396987052416584,0,2,3,True,False,False,False,True,False,False,False,True,False
650,1,3,-0.48888661775358344,0,0,-0.49640476528021726,-0.5609748304808925,1,1,0,True,False,False,False,True,False,True,False,False,False
617,0,3,0.35646165878061953,1,1,-0.35848215805212236,0.6792945838081278,0,2,1,False,True,False,False,True,False,False,True,False,False
597,1,2,-0.10463740114712752,0,0,0.016023023618325298,-0.5609748304808925,1,1,3,True,False,False,False,True,False,True,False,False,False
518,0,3,-0.10463740114712752,0,0,-0.1621689579829361,-0.5609748304808925,1,1,2,False,True,False,True,False,False,False,True,False,False
876,1,3,-1.1036853643239128,0,0,-0.5029485386158568,-0.5609748304808925,1,0,0,True,False,True,False,False,False,True,False,False,False
46,0,3,-0.10463740114712752,0,0,-0.4863374216869257,-0.5609748304808925,1,1,1,False,True,False,False,True,False,False,True,False,False
808,0,3,-0.8731358343600393,0,0,-0.4918744606632361,-0.5609748304808925,1,1,0,True,False,False,False,True,False,True,False,False,False
158,0,3,0.04906228549545483,0,0,-0.4863374216869257,-0.5609748304808925,1,1,1,False,True,False,False,True,False,False,True,False,False
666,0,2,0.20276197213803718,2,0,0.8314778546749452,0.6792945838081278,0,1,3,False,True,False,False,True,False,False,True,False,False
172,0,3,-1.949033640858116,4,1,-0.06199888922968463,2.5396987052416584,0,0,2,False,True,False,True,False,True,False,False,False,False
17,0,3,-2.1027333275006983,4,1,-0.06199888922968463,2.5396987052416584,0,0,2,False,True,False,True,False,True,False,False,False,False
512,0,3,-0.10463740114712752,0,0,-0.4863374216869257,-0.5609748304808925,1,1,1,False,True,False,False,True,False,False,True,False,False
49,0,3,-0.10463740114712752,2,0,-0.21191774308354583,0.6792945838081278,0,1,2,False,True,True,False,False,False,False,True,False,False
863,1,1,1.432359465278696,0,0,-0.1263453225405672,-0.5609748304808925,1,2,2,True,False,False,False,True,False,False,False,True,False
750,0,3,0.12591212881674602,0,0,-0.49237782784290063,-0.5609748304808925,1,1,0,False,True,False,True,False,False,False,True,False,False
516,0,1,1.3555096219574048,0,0,0.036576512298389464,-0.5609748304808925,1,2,3,False,True,False,False,True,False,False,True,False,False
618,0,3,-0.2583370877897099,1,0,-0.32425318983493084,0.059159876663617626,0,1,2,True,False,False,False,True,False,False,False,True,False
481,0,3,-1.56478442425166,5,2,0.2958951755118318,3.779968119530679,0,0,3,False,True,False,False,True,True,False,False,False,False
284,1,3,-0.7962859910387481,0,0,-0.4863374216869257,-0.5609748304808925,1,1,1,False,True,False,False,True,False,False,True,False,False
590,0,3,-0.10463740114712752,0,0,-0.4863374216869257,-0.5609748304808925,1,1,1,False,True,False,False,True,False,False,True,False,False
226,0,3,-0.5657364610748746,0,0,-0.4601623283443675,-0.5609748304808925,1,1,1,False,True,False,False,True,False,False,True,False,False
27,0,3,-0.10463740114712752,0,0,-0.5029485386158568,-0.5609748304808925,1,1,0,False,True,True,False,False,False,False,True,False,False
849,0,2,-0.10463740114712752,0,1,0.016023023618325298,0.059159876663617626,0,1,3,False,True,False,False,True,False,False,False,False,True
438,1,2,-0.41203677443229225,2,3,-0.2708962687904854,2.5396987052416584,0,1,2,True,False,False,False,True,False,False,False,True,False
845,0,3,-0.9499856776813305,0,0,-0.47400492578514347,-0.5609748304808925,1,1,1,False,True,False,False,True,False,False,True,False,False
365,0,3,-0.10463740114712752,1,0,-0.3363340021468808,0.059159876663617626,0,1,2,False,True,False,True,False,False,False,True,False,False
230,0,3,-0.10463740114712752,3,1,-0.13565761536436197,1.9195639980971482,0,1,2,True,False,False,False,True,False,True,False,False,False
38,0,3,-0.6425863043961658,0,0,-0.4863374216869257,-0.5609748304808925,1,1,1,False,True,False,False,True,False,False,True,False,False
858,1,1,1.6629089952425695,0,0,-0.11384570873513637,-0.5609748304808925,1,3,2,False,True,False,False,True,False,False,True,False,False
375,0,3,-2.025883484179407,3,1,-0.22408312108167944,1.9195639980971482,0,0,2,True,False,False,False,True,False,True,False,False,False
470,1,3,-2.1987956316523123,2,1,-0.26066180729354516,1.299429290952638,0,0,2,True,False,True,False,False,False,True,False,False,False
860,0,3,-0.10463740114712752,0,0,-0.5028639729296732,-0.5609748304808925,1,1,0,False,True,True,False,False,False,False,True,False,False
759,0,3,0.35646165878061953,0,0,-0.4863374216869257,-0.5609748304808925,1,2,1,False,True,False,False,True,False,False,True,False,False
652,1,2,-0.8731358343600393,0,1,-0.18532384824750675,0.059159876663617626,0,1,2,True,False,False,False,True,False,True,False,False,False
195,1,1,1.1249600919935314,0,0,-0.09027201697708476,-0.5609748304808925,1,2,2,True,False,True,False,False,False,False,False,True,False
761,0,3,-0.10463740114712752,0,0,-0.35646868933346404,-0.5609748304808925,1,1,2,False,True,False,False,True,False,False,True,False,False
869,0,3,-0.10463740114712752,0,0,-0.45714212526638004,-0.5609748304808925,1,1,1,False,True,False,False,True,False,False,True,False,False
504,0,3,0.5870111887444931,0,0,-0.455380340137554,-0.5609748304808925,1,2,1,True,False,False,False,True,False,True,False,False,False
862,0,2,-0.6425863043961658,1,0,-0.41687275089321363,0.059159876663617626,0,1,1,False,True,False,False,True,False,False,True,False,False
742,0,1,0.5101613454232019,1,0,0.9391984311231651,0.059159876663617626,0,2,3,False,True,False,False,True,False,False,True,False,False
580,1,3,0.20276197213803718,0,0,-0.4888542575852486,-0.5609748304808925,1,1,1,False,True,False,False,True,False,False,True,False,False
889,0,3,-0.10463740114712752,1,2,-0.17626323901354432,1.299429290952638,0,1,2,True,False,False,False,True,False,True,False,False,False
163,0,3,-0.2583370877897099,0,0,-0.4918744606632361,-0.5609748304808925,1,1,0,False,True,False,False,True,False,False,True,False,False
631,1,1,3.8915544515600136,0,0,-0.04438103794142432,-0.5609748304808925,1,4,2,False,True,False,False,True,False,False,True,False,False
153,0,3,2.00873329018838,0,0,-0.4863374216869257,-0.5609748304808925,1,3,1,False,True,False,False,True,False,False,True,False,False
685,0,2,2.3545575851341902,1,1,0.13683114673782454,0.6792945838081278,0,3,3,False,True,False,False,True,False,False,True,False,False
630,0,3,-0.10463740114712752,0,0,-0.49271407711891657,-0.5609748304808925,1,1,0,False,True,False,True,False,False,False,True,False,False
676,0,3,-0.8731358343600393,0,0,-0.4918744606632361,-0.5609748304808925,1,1,0,False,True,False,False,True,False,False,True,False,False
112,0,3,-1.1421102859845584,1,0,-0.3573908580066095,0.059159876663617626,0,0,1,True,False,True,False,False,False,True,False,False,False
227,1,2,-0.7962859910387481,0,0,-0.43700743807979686,-0.5609748304808925,1,1,1,False,True,False,False,True,False,False,True,False,False
619,1,2,-1.949033640858116,2,1,0.13683114673782454,1.299429290952638,0,0,3,True,False,False,False,True,False,True,False,False,False
104,0,3,0.27961181545932834,0,0,-0.4741720436887921,-0.5609748304808925,1,2,1,False,True,False,False,True,False,False,True,False,False
422,0,3,-0.6425863043961658,0,0,-0.49271407711891657,-0.5609748304808925,1,1,0,False,True,False,True,False,False,False,True,False,False
420,0,3,-1.4879345809303688,0,2,-0.1621689579829361,0.6792945838081278,0,0,2,True,False,False,False,True,False,True,False,False,False
587,0,2,1.3555096219574048,0,0,-0.3464013457401724,-0.5609748304808925,1,2,2,False,True,False,False,True,False,False,True,False,False
120,0,3,-2.1027333275006983,4,2,-0.01870931177853076,3.1598334123861687,0,0,3,True,False,False,False,True,False,True,False,False,False
54,1,2,-0.027787557825836348,1,0,-0.12491978668775715,0.059159876663617626,0,1,2,True,False,False,False,True,False,False,False,True,False
152,1,1,-0.5657364610748746,1,0,0.6925485130875209,0.059159876663617626,0,1,3,True,False,False,False,True,False,False,False,True,False
404,0,3,-0.10463740114712752,1,0,-0.32928686163157667,0.059159876663617626,0,1,2,False,True,False,False,True,False,False,True,False,False
840,1,1,-0.10463740114712752,0,0,-0.05042144409739929,-0.5609748304808925,1,1,2,False,True,True,False,False,False,False,True,False,False
208,1,3,-0.2583370877897099,0,0,-0.2701412180209885,-0.5609748304808925,1,1,2,False,True,True,False,False,False,False,True,False,False
753,0,3,0.27961181545932834,0,0,-0.45714212526638004,-0.5609748304808925,1,2,1,False,True,False,False,True,False,False,True,False,False
718,1,2,-0.1814872444684187,0,0,-0.43700743807979686,-0.5609748304808925,1,1,1,True,False,False,False,True,False,True,False,False,False
9,1,3,-0.1814872444684187,0,2,-0.4242561406845337,0.6792945838081278,0,1,1,True,False,False,False,True,False,False,False,True,False
723,0,2,0.35646165878061953,0,0,-0.3866707201133388,-0.5609748304808925,1,2,1,False,True,False,False,True,False,False,True,False,False
37,1,3,-0.10463740114712752,0,0,-0.5028639729296732,-0.5609748304808925,1,1,0,False,True,True,False,False,False,False,True,False,False
453,0,1,0.04906228549545483,0,0,-0.08968408411123653,-0.5609748304808925,1,1,2,False,True,True,False,False,False,False,True,False,False
254,0,3,0.04906228549545483,1,0,-0.32425318983493084,0.059159876663617626,0,1,2,False,True,False,False,True,False,False,True,False,False
304,1,2,-0.10463740114712752,0,0,-0.3997582667846179,-0.5609748304808925,1,1,1,True,False,False,True,False,False,True,False,False,False
668,0,3,-0.10463740114712752,0,0,-0.4918744606632361,-0.5609748304808925,1,1,0,False,True,False,False,True,False,False,True,False,False
572,1,1,1.816608681885152,2,0,0.38809593507663365,0.6792945838081278,0,3,3,True,False,False,False,True,False,False,False,True,False
637,0,3,0.20276197213803718,0,0,-0.4888542575852486,-0.5609748304808925,1,1,1,False,True,False,False,True,False,False,True,False,False
715,0,2,1.7397588385638607,0,0,-0.3866707201133388,-0.5609748304808925,1,3,1,False,True,False,False,True,False,False,True,False,False
263,0,1,1.7397588385638607,1,1,0.955306180872432,0.6792945838081278,0,3,3,False,True,False,False,True,False,False,True,False,False
611,0,3,0.7407108753870755,1,5,-0.01870931177853076,3.1598334123861687,0,2,3,True,False,False,False,True,False,False,False,True,False
298,0,1,-2.1027333275006983,1,2,2.4029901895877646,1.299429290952638,0,0,3,True,False,False,False,True,False,True,False,False,False
415,1,3,1.1249600919935314,0,0,-0.4888542575852486,-0.5609748304808925,1,2,1,False,True,False,False,True,False,False,True,False,False
151,0,2,1.6629089952425695,0,0,-0.39623469652696586,-0.5609748304808925,1,3,1,False,True,False,False,True,False,False,False,False,True
706,0,2,0.7407108753870755,0,0,-0.12491978668775715,-0.5609748304808925,1,2,2,False,True,False,False,True,False,False,True,False,False
790,0,1,1.2786597786361138,0,0,0.9462455716384695,-0.5609748304808925,1,2,3,False,True,True,False,False,False,False,True,False,False
551,1,1,-0.9499856776813305,0,2,1.5841789061771412,0.6792945838081278,0,1,3,False,True,True,False,False,False,False,True,False,False
489,0,3,0.04906228549545483,0,0,-0.4863374216869257,-0.5609748304808925,1,1,1,False,True,False,False,True,False,False,True,False,False
148,0,3,-1.56478442425166,2,2,0.04370821849987721,1.9195639980971482,0,0,3,True,False,False,False,True,False,True,False,False,False
147,1,3,-0.1814872444684187,0,0,-0.49145565916975514,-0.5609748304808925,1,1,0,False,True,False,False,True,False,False,True,False,False
837,0,3,-0.6425863043961658,0,0,-0.47400492578514347,-0.5609748304808925,1,1,1,False,True,False,False,True,False,False,True,False,False
827,0,3,-0.10463740114712752,0,0,0.48910360681684706,-0.5609748304808925,1,1,3,False,True,False,False,True,False,False,True,False,False
871,0,3,-0.2583370877897099,0,0,-0.4894421904510968,-0.5609748304808925,1,1,0,False,True,False,False,True,False,False,True,False,False
349,1,3,-2.025883484179407,1,1,-0.32828012727224753,0.6792945838081278,0,0,2,False,True,False,False,True,True,False,False,False,False
464,0,2,1.432359465278696,0,0,-0.3866707201133388,-0.5609748304808925,1,2,1,False,True,False,False,True,False,False,True,False,False
326,1,1,0.5101613454232019,0,0,2.0825124140450755,-0.5609748304808925,1,2,3,True,False,True,False,False,False,True,False,False,False
187,1,3,-0.10463740114712752,1,0,-0.3363340021468808,0.059159876663617626,0,1,2,True,False,False,True,False,False,False,False,True,False
124,1,2,0.24118689379868277,0,0,-0.3866707201133388,-0.5609748304808925,1,2,1,True,False,False,False,True,False,True,False,False,False
760,1,1,0.27961181545932834,0,0,1.093228788100527,-0.5609748304808925,1,2,3,True,False,False,False,True,False,False,False,False,True
609,1,2,-0.5657364610748746,1,2,0.18876253192945994,1.299429290952638,0,1,3,True,False,True,False,False,False,False,False,True,False
144,0,3,-0.7962859910387481,0,0,-0.5125125150294839,-0.5609748304808925,1,1,0,False,True,False,True,False,False,False,True,False,False
852,0,3,3.430455391632267,0,0,-0.4918744606632361,-0.5609748304808925,1,4,0,False,True,False,False,True,False,False,True,False,False
198,0,3,0.9712604053509489,0,1,-0.47920571548543794,0.059159876663617626,0,2,1,False,True,False,False,True,False,False,True,False,False
610,1,1,0.8175607187083667,0,0,2.441497778832105,-0.5609748304808925,1,2,3,True,False,False,False,True,False,True,False,False,False
280,1,3,0.4333115021019107,1,1,-0.24069423801061057,0.6792945838081278,0,2,2,True,False,False,False,True,False,False,False,True,False
294,0,3,-0.41203677443229225,0,0,-0.4702296719376591,-0.5609748304808925,1,1,1,True,False,False,False,True,False,True,False,False,False
401,1,3,0.7407108753870755,0,0,-0.4888542575852486,-0.5609748304808925,1,2,1,False,True,False,False,True,False,False,True,False,False
123,0,2,0.24118689379868277,1,0,-0.04295550208861426,0.059159876663617626,0,2,2,False,True,True,False,False,False,False,True,False,False
184,1,2,-2.1795831708219895,2,1,0.13683114673782454,1.299429290952638,0,0,3,False,True,False,False,True,True,False,False,False,False
203,0,3,0.35646165878061953,0,0,-0.5176307525123133,-0.5609748304808925,1,2,0,False,True,False,False,True,False,False,True,False,False
439,0,1,2.661956958419355,1,4,4.647001076532463,2.5396987052416584,0,3,3,False,True,False,False,True,False,False,True,False,False
247,0,3,-0.33518693111100106,0,0,-0.4918744606632361,-0.5609748304808925,1,1,0,True,False,False,False,True,False,True,False,False,False
416,0,3,-0.10463740114712752,0,0,-0.4863374216869257,-0.5609748304808925,1,1,1,True,False,False,False,True,False,False,False,True,False
789,1,3,-2.1795831708219895,1,2,-0.23415046467497105,1.299429290952638,0,0,2,False,True,False,False,True,True,False,False,False,False
130,0,3,1.2018099353148226,0,0,-0.5079822104125026,-0.5609748304808925,1,2,0,False,True,False,False,True,False,False,True,False,False
638,0,2,0.12591212881674602,1,1,-0.11988611489111134,0.6792945838081278,0,1,2,False,True,False,False,True,False,False,True,False,False
403,0,3,-0.6425863043961658,1,0,-0.4505983519307405,0.059159876663617626,0,1,1,True,False,False,False,True,False,True,False,False,False
795,0,3,-0.33518693111100106,0,0,-0.4894421904510968,-0.5609748304808925,1,1,0,False,True,False,False,True,False,False,True,False,False
690,1,1,-1.1036853643239128,0,1,3.6067927997556075,0.059159876663617626,0,0,3,True,False,False,False,True,False,True,False,False,False
811,0,3,-0.2583370877897099,0,0,-0.4896093083547455,-0.5609748304808925,1,1,0,False,True,False,False,True,False,False,True,False,False
220,0,2,0.04906228549545483,0,0,-0.43700743807979686,-0.5609748304808925,1,1,1,False,True,False,False,True,False,False,True,False,False
642,1,1,-0.41203677443229225,0,0,0.7469121684912956,-0.5609748304808925,1,1,3,True,False,True,False,False,False,True,False,False,False
813,0,2,0.4333115021019107,0,0,-0.43700743807979686,-0.5609748304808925,1,2,1,False,True,False,False,True,False,False,True,False,False
673,0,2,3.123056018347102,0,0,-0.43700743807979686,-0.5609748304808925,1,4,1,False,True,False,False,True,False,False,True,False,False
816,0,1,-0.10463740114712752,0,0,-0.6484216535389205,-0.5609748304808925,1,1,0,False,True,False,False,True,False,False,True,False,False
625,0,3,-0.6425863043961658,0,0,-0.32425318983493084,-0.5609748304808925,1,1,2,False,True,False,False,True,False,False,True,False,False
856,1,3,-0.8731358343600393,0,1,-0.4601623283443675,0.059159876663617626,0,1,1,True,False,False,False,True,False,False,False,True,False
681,0,3,-0.10463740114712752,0,0,-0.48457563655809965,-0.5609748304808925,1,1,1,True,False,False,True,False,False,True,False,False,False
387,0,3,-2.1795831708219895,5,2,0.2958951755118318,3.779968119530679,0,0,3,False,True,False,False,True,True,False,False,False,False
864,0,3,-0.10463740114712752,8,2,0.7519458402879414,5.64037224096421,0,1,3,True,False,False,False,True,False,True,False,False,False
510,1,3,-0.2583370877897099,0,0,0.48910360681684706,-0.5609748304808925,1,1,3,False,True,False,False,True,False,False,True,False,False
268,1,3,-0.33518693111100106,1,0,-0.4918744606632361,0.059159876663617626,0,1,0,False,True,False,False,True,False,False,True,False,False
733,0,2,-0.10463740114712752,0,0,-0.6484216535389205,-0.5609748304808925,1,1,0,False,True,False,False,True,False,False,True,False,False
442,0,3,-0.719436147717457,0,0,-0.45714212526638004,-0.5609748304808925,1,1,1,False,True,False,False,True,False,False,True,False,False
497,1,1,1.893458525206443,1,0,0.9274538680872313,0.059159876663617626,0,3,3,True,False,True,False,False,False,True,False,False,False
113,0,3,-0.5657364610748746,0,0,-0.4863374216869257,-0.5609748304808925,1,1,1,False,True,False,False,True,False,False,True,False,False
233,0,2,2.277707741812899,0,0,-0.3766033765200472,-0.5609748304808925,1,3,1,False,True,False,False,True,False,False,True,False,False
775,1,2,1.893458525206443,1,3,-0.18532384824750675,1.9195639980971482,0,3,2,True,False,False,False,True,False,False,False,True,False
608,1,1,-0.1814872444684187,0,0,-0.034313694348132716,-0.5609748304808925,1,1,2,False,True,False,False,True,False,False,True,False,False
672,0,1,0.12591212881674602,1,0,0.39858208016340624,0.059159876663617626,0,1,3,False,True,False,False,True,False,False,True,False,False
374,0,1,-0.5657364610748746,0,0,2.0825124140450755,-0.5609748304808925,1,1,3,False,True,True,False,False,False,False,True,False,False
873,0,1,0.27961181545932834,0,0,-0.5477482176060045,-0.5609748304808925,1,2,0,False,True,False,False,True,False,False,True,False,False
752,1,3,-1.7953339542155335,0,1,-0.397241430886295,0.059159876663617626,0,0,1,False,True,False,False,True,True,False,False,False,False
234,1,3,-1.8721837975368247,4,2,-0.016444159470040135,3.1598334123861687,0,0,3,True,False,False,False,True,False,True,False,False,False
807,0,1,0.7407108753870755,0,0,-0.6484216535389205,-0.5609748304808925,1,2,0,False,True,False,False,True,False,False,True,False,False
677,0,3,-0.37361185277164666,0,0,-0.4863374216869257,-0.5609748304808925,1,1,1,False,True,False,False,True,False,False,True,False,False
318,0,2,1.893458525206443,0,0,-0.36653603292675563,-0.5609748304808925,1,3,1,False,True,False,False,True,False,False,False,False,True
649,0,3,-0.10463740114712752,0,0,-0.49640476528021726,-0.5609748304808925,1,1,0,False,True,False,False,True,False,False,True,False,False
411,0,3,-0.10463740114712752,0,0,-0.4894421904510968,-0.5609748304808925,1,1,0,False,True,False,False,True,False,False,True,False,False
799,0,3,0.04906228549545483,0,0,-0.5028639729296732,-0.5609748304808925,1,1,0,False,True,True,False,False,False,False,True,False,False
359,1,3,-0.10463740114712752,0,0,-0.48977642625839407,-0.5609748304808925,1,1,0,True,False,False,True,False,False,True,False,False,False
259,1,1,0.4333115021019107,0,0,9.667166525013505,-0.5609748304808925,1,2,3,True,False,True,False,False,False,True,False,False,False
628,1,1,-0.6425863043961658,0,0,0.921244330558889,-0.5609748304808925,1,1,3,True,False,False,False,True,False,True,False,False,False
633,1,1,0.20276197213803718,0,0,-0.034313694348132716,-0.5609748304808925,1,1,2,False,True,True,False,False,False,False,False,False,True
283,0,3,-1.0268355210026217,0,0,-0.45714212526638004,-0.5609748304808925,1,0,1,False,True,False,False,True,False,False,True,False,False
377,1,3,-0.5657364610748746,0,0,-0.5024451714361923,-0.5609748304808925,1,1,0,True,False,False,False,True,False,True,False,False,False
385,0,3,-0.10463740114712752,0,0,-0.4894421904510968,-0.5609748304808925,1,1,0,False,True,False,False,True,False,False,True,False,False
225,1,1,0.6638610320657843,1,0,1.163700193253568,0.059159876663617626,0,2,3,False,True,False,False,True,False,False,True,False,False
847,0,3,-0.10463740114712752,8,2,0.7519458402879414,5.64037224096421,0,1,3,False,True,False,False,True,False,False,True,False,False
729,0,2,-0.33518693111100106,1,0,-0.12491978668775715,0.059159876663617626,0,1,2,False,True,False,False,True,False,False,True,False,False
473,1,2,0.27961181545932834,1,2,-0.08968408411123653,1.299429290952638,0,2,2,True,False,False,False,True,False,False,False,True,False
348,1,3,-0.10463740114712752,1,0,-0.32425318983493084,0.059159876663617626,0,1,2,True,False,False,False,True,False,False,False,True,False
506,0,1,-0.8731358343600393,1,0,1.5442457810799908,0.059159876663617626,0,1,3,False,True,True,False,False,False,False,True,False,False
640,0,3,-0.10463740114712752,1,0,-0.32425318983493084,0.059159876663617626,0,1,2,False,True,False,False,True,False,False,True,False,False
879,0,3,-0.10463740114712752,0,0,-0.4894421904510968,-0.5609748304808925,1,1,0,False,True,False,False,True,False,False,True,False,False
825,0,3,-2.1027333275006983,4,1,0.1506737441786005,2.5396987052416584,0,0,3,False,True,False,False,True,True,False,False,False,False
804,1,3,-2.224156079948338,0,1,-0.47694056317694733,0.059159876663617626,0,0,1,False,True,True,False,False,True,False,False,False,False
620,0,2,-0.2583370877897099,0,0,-0.43700743807979686,-0.5609748304808925,1,1,1,False,True,False,False,True,False,False,True,False,False
762,0,3,0.8944105620296577,0,0,-0.5049620073345151,-0.5609748304808925,1,2,0,False,True,False,False,True,False,False,True,False,False
646,1,1,1.432359465278696,1,0,0.8964967865378598,0.059159876663617626,0,2,3,False,True,True,False,False,False,False,True,False,False
755,1,2,1.432359465278696,1,2,0.6603330135889879,1.299429290952638,0,2,3,True,False,False,False,True,False,False,False,True,False
557,1,1,1.432359465278696,1,0,0.1489119590497745,0.059159876663617626,0,2,3,True,False,True,False,False,False,False,False,False,True
851,0,3,-1.949033640858116,4,2,-0.01870931177853076,3.1598334123861687,0,0,3,False,True,False,False,True,True,False,False,False,False
578,1,1,0.7407108753870755,1,0,0.4771073601910807,0.059159876663617626,0,2,3,True,False,False,False,True,False,False,False,True,False
86,1,3,0.27961181545932834,3,0,-0.32928686163157667,1.299429290952638,0,2,2,True,False,False,False,True,False,False,False,True,False
243,0,2,-0.027787557825836348,0,0,-0.43700743807979686,-0.5609748304808925,1,1,1,False,True,False,False,True,False,False,True,False,False
699,0,1,1.5092093085999871,1,1,1.5841789061771412,0.6792945838081278,0,3,3,False,True,True,False,False,False,False,True,False,False
160,0,3,-0.10463740114712752,8,2,0.7519458402879414,5.64037224096421,0,1,3,False,True,False,False,True,True,False,False,False,False
525,0,3,-0.10463740114712752,0,0,-0.5028639729296732,-0.5609748304808925,1,1,0,False,True,True,False,False,False,False,True,False,False
36,0,1,0.9712604053509489,1,0,0.39858208016340624,0.059159876663617626,0,2,3,False,True,False,False,True,False,False,True,False,False
541,1,1,0.5101613454232019,0,2,0.7811411367084872,0.6792945838081278,0,2,3,True,False,False,False,True,False,True,False,False,False
171,0,1,2.4314074284554814,0,0,0.026090367211616904,-0.5609748304808925,1,3,3,False,True,False,False,True,False,False,True,False,False
655,0,3,-0.8731358343600393,0,0,-0.5125125150294839,-0.5609748304808925,1,1,0,True,False,False,True,False,False,True,False,False,False
787,1,3,-0.8731358343600393,0,0,-0.4974960653257301,-0.5609748304808925,1,1,0,True,False,False,False,True,False,True,False,False,False
756,1,2,-2.204943619118015,1,1,-0.35646868933346404,0.6792945838081278,0,0,2,False,True,False,False,True,True,False,False,False,False
839,1,3,0.20276197213803718,0,0,0.48910360681684706,-0.5609748304808925,1,1,3,False,True,False,False,True,False,False,True,False,False
96,0,3,-0.10463740114712752,0,0,-0.4863374216869257,-0.5609748304808925,1,1,1,False,True,False,False,True,False,False,True,False,False
564,0,3,-0.10463740114712752,0,0,-0.4863374216869257,-0.5609748304808925,1,1,1,False,True,False,False,True,False,False,True,False,False
241,0,3,-0.10463740114712752,1,0,-0.3573908580066095,0.059159876663617626,0,1,1,True,False,True,False,False,False,True,False,False,False
575,0,3,-1.0268355210026217,0,0,-0.4863374216869257,-0.5609748304808925,1,0,1,False,True,False,False,True,False,False,True,False,False
691,1,1,0.12591212881674602,1,0,0.49925551609632224,0.059159876663617626,0,1,3,False,True,False,False,True,False,False,True,False,False
461,1,1,1.432359465278696,0,0,-0.11384570873513637,-0.5609748304808925,1,2,2,False,True,False,False,True,False,False,True,False,False
554,1,3,-0.5657364610748746,0,0,-0.5029485386158568,-0.5609748304808925,1,1,0,False,True,True,False,False,False,False,True,False,False
781,1,3,-1.2573850509664952,0,0,-0.5028639729296732,-0.5609748304808925,1,0,0,True,False,True,False,False,False,True,False,False,False
207,0,3,0.20276197213803718,1,0,-0.32928686163157667,0.059159876663617626,0,1,2,False,True,False,False,True,False,False,True,False,False
393,0,3,-0.10463740114712752,2,0,-0.4888542575852486,0.6792945838081278,0,1,1,False,True,False,False,True,False,False,True,False,False
398,0,2,1.2786597786361138,0,0,-0.12491978668775715,-0.5609748304808925,1,2,2,False,True,False,False,True,False,False,True,False,False
757,0,3,-0.10463740114712752,0,0,-0.49145565916975514,-0.5609748304808925,1,1,0,False,True,False,False,True,False,False,True,False,False
218,0,2,0.9712604053509489,1,0,-0.10478509950117394,0.059159876663617626,0,2,2,False,True,False,False,True,False,False,True,False,False
5,0,3,0.4333115021019107,0,0,-0.4863374216869257,-0.5609748304808925,1,2,1,False,True,False,False,True,False,False,True,False,False
643,0,3,-2.1027333275006983,3,2,-0.08666388103324908,2.5396987052416584,0,0,2,True,False,False,False,True,False,True,False,False,False
798,1,3,0.12591212881674602,0,0,-0.4735861242916626,-0.5609748304808925,1,1,1,True,False,False,False,True,False,False,False,True,False
613,1,3,-0.10463740114712752,1,0,-0.3363340021468808,0.059159876663617626,0,1,2,True,False,False,True,False,False,True,False,False,False
739,0,3,-0.10463740114712752,0,0,-0.4894421904510968,-0.5609748304808925,1,1,0,False,True,False,False,True,False,False,True,False,False
547,1,2,-0.7962859910387481,1,0,-0.12491978668775715,0.059159876663617626,0,1,2,True,False,False,False,True,False,False,False,True,False
726,0,3,-0.719436147717457,0,0,-0.47400492578514347,-0.5609748304808925,1,1,1,False,True,False,False,True,False,False,True,False,False
684,0,3,-1.180535207645204,5,2,0.2958951755118318,3.779968119530679,0,0,3,False,True,False,False,True,False,False,True,False,False
99,1,2,0.35646165878061953,0,1,-0.18532384824750675,0.059159876663617626,0,2,2,True,False,False,False,True,False,False,False,True,False
728,1,3,-0.10463740114712752,0,0,-0.4926295114327329,-0.5609748304808925,1,1,0,True,False,False,True,False,False,True,False,False,False
574,1,3,-0.10463740114712752,0,0,-0.49237782784290063,-0.5609748304808925,1,1,0,True,False,False,True,False,False,True,False,False,False
407,0,3,1.6629089952425695,0,0,-0.49237782784290063,-0.5609748304808925,1,3,0,False,True,False,False,True,False,False,True,False,False
503,0,3,-0.10463740114712752,0,0,-0.4948100980550399,-0.5609748304808925,1,1,0,True,False,False,True,False,False,True,False,False,False
48,1,3,-0.10463740114712752,0,0,-0.49237782784290063,-0.5609748304808925,1,1,0,True,False,False,True,False,False,True,False,False,False
33,1,3,-0.10463740114712752,0,0,-0.49237782784290063,-0.5609748304808925,1,1,0,True,False,False,True,False,False,True,False,False,False
201,0,3,-0.10463740114712752,0,0,-0.45714212526638004,-0.5609748304808925,1,1,1,False,True,False,False,True,False,False,True,False,False
135,0,2,-0.33518693111100106,0,0,-0.3866707201133388,-0.5609748304808925,1,1,1,False,True,False,False,True,False,False,True,False,False
28,0,1,-0.7962859910387481,3,2,4.647001076532463,2.5396987052416584,0,1,3,False,True,False,False,True,False,False,True,False,False
848,0,3,0.4333115021019107,0,0,-0.4894421904510968,-0.5609748304808925,1,2,0,False,True,True,False,False,False,False,True,False,False
231,1,1,0.4333115021019107,1,0,1.0323213593611125,0.059159876663617626,0,2,3,True,False,False,False,True,False,False,False,True,False
490,1,3,-1.56478442425166,1,1,-0.32828012727224753,0.6792945838081278,0,0,2,False,True,False,False,True,True,False,False,False,False
379,0,3,-0.719436147717457,0,0,-0.5676312212027554,-0.5609748304808925,1,1,0,False,True,True,False,False,False,False,True,False,False
289,1,2,0.9712604053509489,0,0,-0.3866707201133388,-0.5609748304808925,1,2,1,False,True,False,False,True,False,False,True,False,False
419,0,2,0.04906228549545483,0,0,-0.3866707201133388,-0.5609748304808925,1,1,1,False,True,False,False,True,False,False,True,False,False
675,0,2,-0.10463740114712752,0,0,-0.6484216535389205,-0.5609748304808925,1,1,0,False,True,False,False,True,False,False,True,False,False
392,1,3,-0.6425863043961658,0,0,-0.49145565916975514,-0.5609748304808925,1,1,0,False,True,False,False,True,False,False,True,False,False
593,0,3,1.3555096219574048,0,0,-0.5024451714361923,-0.5609748304808925,1,2,0,False,True,False,False,True,False,False,True,False,False
499,0,1,-0.33518693111100106,1,2,2.4029901895877646,1.299429290952638,0,1,3,True,False,False,False,True,False,False,False,True,False
139,0,3,-1.0268355210026217,0,0,-0.4628462821463391,-0.5609748304808925,1,0,1,False,True,False,False,True,False,False,True,False,False
63,0,1,1.2018099353148226,1,0,1.0323213593611125,0.059159876663617626,0,2,3,False,True,False,False,True,False,False,True,False,False
472,0,3,0.6638610320657843,0,0,-0.47400492578514347,-0.5609748304808925,1,2,1,False,True,False,False,True,False,False,True,False,False
648,1,1,2.0471582118490255,0,0,0.06635974158478332,-0.5609748304808925,1,3,3,False,True,True,False,False,False,False,False,False,True
129,1,3,-0.10463740114712752,1,1,-0.19824427701513722,0.6792945838081278,0,1,2,True,False,True,False,False,False,True,False,False,False
868,0,1,0.12591212881674602,0,0,0.3682954836973478,-0.5609748304808925,1,1,3,False,True,False,False,True,False,False,True,False,False
521,1,1,0.04906228549545483,0,0,1.2341715984066093,-0.5609748304808925,1,1,3,True,False,False,False,True,False,True,False,False,False
65,0,1,-0.10463740114712752,0,0,-0.09027201697708476,-0.5609748304808925,1,1,2,False,True,True,False,False,False,False,True,False,False
15,0,3,-1.180535207645204,0,0,-0.4902797934380587,-0.5609748304808925,1,0,0,True,False,False,False,True,False,True,False,False,False
157,1,3,-1.0268355210026217,0,0,-0.49271407711891657,-0.5609748304808925,1,0,0,True,False,False,True,False,False,True,False,False,False
41,0,3,0.8175607187083667,1,0,-0.4576454924460446,0.059159876663617626,0,2,1,True,False,False,False,True,False,False,False,True,False
493,0,1,1.9703083685277343,0,0,-0.034313694348132716,-0.5609748304808925,1,3,2,False,True,False,False,True,False,False,True,False,False
380,0,3,-0.7962859910387481,0,0,-0.4918744606632361,-0.5609748304808925,1,1,0,False,True,False,False,True,False,False,True,False,False
188,1,1,1.2018099353148226,0,0,-0.11384570873513637,-0.5609748304808925,1,2,2,False,True,False,False,True,False,False,True,False,False
764,1,1,0.5101613454232019,1,2,1.7677408088510642,1.299429290952638,0,2,3,True,False,False,False,True,False,False,False,True,False
217,1,3,-0.1814872444684187,0,0,-0.4888542575852486,-0.5609748304808925,1,1,1,True,False,False,False,True,False,True,False,False,False
53,1,1,1.5092093085999871,1,0,0.8964967865378598,0.059159876663617626,0,3,3,True,False,True,False,False,False,False,False,True,False
338,1,1,0.8944105620296577,0,0,2.059693773056521,-0.5609748304808925,1,2,3,True,False,True,False,False,False,True,False,False,False
749,0,1,-0.7962859910387481,1,0,0.4207302360686478,0.059159876663617626,0,1,3,False,True,False,False,True,False,False,True,False,False
720,0,3,0.27961181545932834,0,0,-0.4918744606632361,-0.5609748304808925,1,2,0,False,True,False,False,True,False,False,True,False,False
725,1,1,-0.1814872444684187,1,0,0.4207302360686478,0.059159876663617626,0,1,3,False,True,False,False,True,False,False,True,False,False
296,0,1,-0.10463740114712752,0,0,-0.09027201697708476,-0.5609748304808925,1,1,2,False,True,True,False,False,False,False,True,False,False
702,1,1,0.4333115021019107,0,0,-0.11913106412161445,-0.5609748304808925,1,2,2,False,True,False,False,True,False,False,True,False,False
252,0,3,-0.027787557825836348,1,1,-0.43776248884929375,0.6792945838081278,0,1,1,True,False,False,False,True,False,False,False,True,False
727,1,2,0.04906228549545483,3,0,-0.22559322262067316,1.299429290952638,0,1,2,True,False,False,False,True,False,False,False,True,False
462,0,3,0.35646165878061953,0,0,-0.4863374216869257,-0.5609748304808925,1,2,1,False,True,False,False,True,False,False,True,False,False
456,1,3,-0.027787557825836348,0,0,-0.4894421904510968,-0.5609748304808925,1,1,0,False,True,True,False,False,False,False,True,False,False
888,1,1,-0.7962859910387481,0,0,-0.04438103794142432,-0.5609748304808925,1,1,2,True,False,False,False,True,False,True,False,False,False
270,1,1,0.4333115021019107,0,0,2.0825124140450755,-0.5609748304808925,1,2,3,True,False,False,False,True,False,True,False,False,False
202,0,3,-0.10463740114712752,8,2,0.7519458402879414,5.64037224096421,0,1,3,False,True,False,False,True,False,False,True,False,False
162,1,2,0.8175607187083667,0,0,-0.331300330350235,-0.5609748304808925,1,2,2,True,False,False,False,True,False,False,False,True,False
556,0,1,2.5082572717767726,0,0,-0.11384570873513637,-0.5609748304808925,1,3,2,False,True,False,False,True,False,False,True,False,False
730,0,3,-0.33518693111100106,1,0,-0.4888542575852486,0.059159876663617626,0,1,1,True,False,False,False,True,False,True,False,False,False
402,0,3,-0.2583370877897099,0,0,-0.4863374216869257,-0.5609748304808925,1,1,1,False,True,False,False,True,False,False,True,False,False
703,0,3,-0.8731358343600393,0,1,-0.3573908580066095,0.059159876663617626,0,1,1,True,False,True,False,False,False,True,False,False,False
477,0,2,0.35646165878061953,1,0,-0.22559322262067316,0.059159876663617626,0,2,2,False,True,False,False,True,False,False,True,False,False
772,0,3,1.432359465278696,0,0,-0.4902797934380587,-0.5609748304808925,1,2,0,False,True,False,False,True,False,False,True,False,False
106,0,3,-0.10463740114712752,0,0,-0.4894421904510968,-0.5609748304808925,1,1,0,False,True,False,False,True,False,False,True,False,False
566,0,3,-0.41203677443229225,2,0,-0.1621689579829361,0.6792945838081278,0,1,2,False,True,False,False,True,False,False,True,False,False
390,1,2,-0.9499856776813305,0,0,-0.40680540729992204,-0.5609748304808925,1,1,1,True,False,True,False,False,False,True,False,False,False
2,1,1,0.6638610320657843,1,0,0.7868452935884461,0.059159876663617626,0,2,3,True,False,True,False,False,False,False,False,True,False
833,0,3,-0.10463740114712752,0,0,-0.5028639729296732,-0.5609748304808925,1,1,0,False,True,True,False,False,False,False,True,False,False
562,0,3,0.8175607187083667,0,0,-0.4894421904510968,-0.5609748304808925,1,2,0,False,True,False,False,True,False,False,True,False,False
81,0,3,-0.5657364610748746,0,0,-0.46720946885967163,-0.5609748304808925,1,1,1,False,True,False,False,True,False,False,True,False,False
206,0,3,-2.1027333275006983,0,1,-0.43776248884929375,0.059159876663617626,0,0,1,True,False,False,False,True,False,True,False,False,False
35,0,1,-0.10463740114712752,1,0,1.0060617003323709,0.059159876663617626,0,1,3,False,True,True,False,False,False,False,True,False,False
776,0,3,-0.8731358343600393,0,0,-0.49237782784290063,-0.5609748304808925,1,1,0,False,True,False,False,True,False,False,True,False,False
509,0,3,-0.10463740114712752,0,0,-0.1948878246611338,-0.5609748304808925,1,1,2,False,True,False,False,True,False,False,True,False,False
428,1,2,-0.7962859910387481,0,0,-0.12491978668775715,-0.5609748304808925,1,1,2,True,False,False,False,True,False,True,False,False,False
455,0,3,-0.10463740114712752,0,0,-0.4863374216869257,-0.5609748304808925,1,1,1,False,True,False,False,True,False,False,True,False,False
367,1,1,2.3545575851341902,1,0,0.8667135572514657,0.059159876663617626,0,3,3,True,False,True,False,False,False,False,False,True,False
92,0,3,-0.719436147717457,0,0,-0.4902797934380587,-0.5609748304808925,1,1,0,False,True,False,False,True,False,False,True,False,False
340,0,1,1.2018099353148226,0,0,0.06635974158478332,-0.5609748304808925,1,2,3,False,True,False,False,True,False,False,True,False,False
565,0,3,-0.10463740114712752,0,0,-0.4863374216869257,-0.5609748304808925,1,1,1,True,False,False,False,True,False,True,False,False,False
346,1,2,-0.41203677443229225,0,0,-0.3866707201133388,-0.5609748304808925,1,1,1,True,False,False,False,True,False,True,False,False,False
777,0,3,-0.10463740114712752,0,0,-0.49237782784290063,-0.5609748304808925,1,1,0,False,True,False,True,False,False,False,True,False,False
242,1,3,-0.10463740114712752,1,0,-0.3363340021468808,0.059159876663617626,0,1,2,True,False,False,True,False,False,True,False,False,False
14,0,3,0.7407108753870755,1,5,-0.01870931177853076,3.1598334123861687,0,2,3,False,True,False,False,True,False,False,True,False,False
316,1,3,-0.2583370877897099,0,0,-0.4902797934380587,-0.5609748304808925,1,1,0,True,False,False,False,True,False,True,False,False,False
601,1,2,-0.41203677443229225,2,1,-0.10478509950117394,1.299429290952638,0,1,2,True,False,False,False,True,False,False,False,True,False
388,1,2,0.5101613454232019,0,0,-0.3866707201133388,-0.5609748304808925,1,2,1,True,False,False,False,True,False,True,False,False,False
274,0,1,0.5870111887444931,0,1,-0.05042144409739929,0.059159876663617626,0,2,2,False,True,True,False,False,False,False,True,False,False
167,1,1,-0.10463740114712752,0,1,0.4589861417231558,0.059159876663617626,0,1,3,True,False,False,False,True,False,False,False,True,False
884,0,2,-0.10463740114712752,0,0,-0.43700743807979686,-0.5609748304808925,1,1,1,False,True,False,False,True,False,False,True,False,False
647,0,3,-0.7962859910387481,0,0,-0.4894421904510968,-0.5609748304808925,1,1,0,False,True,False,False,True,False,False,True,False,False
819,0,3,1.0481102486722402,0,0,-0.5185529211854588,-0.5609748304808925,1,2,0,False,True,False,False,True,False,False,True,False,False
485,1,1,-0.33518693111100106,1,0,1.1854295476653287,0.059159876663617626,0,1,3,False,True,True,False,False,False,False,True,False,False
874,0,3,1.3555096219574048,0,0,-0.46720946885967163,-0.5609748304808925,1,2,1,False,True,False,False,True,False,False,True,False,False
505,1,1,-1.0268355210026217,0,0,1.093228788100527,-0.5609748304808925,1,0,3,True,False,False,False,True,False,True,False,False,False
832,1,2,-2.192647644186609,1,1,-0.2708962687904854,0.6792945838081278,0,0,2,False,True,False,False,True,True,False,False,False,False
244,0,3,-0.5657364610748746,0,0,-0.5049620073345151,-0.5609748304808925,1,1,0,False,True,False,False,True,False,False,True,False,False
567,0,3,-0.7962859910387481,0,0,-0.4894421904510968,-0.5609748304808925,1,1,0,False,True,False,False,True,False,False,True,False,False
563,0,2,-0.10463740114712752,0,0,-0.3766033765200472,-0.5609748304808925,1,1,1,False,True,False,False,True,False,False,True,False,False
687,0,3,-1.180535207645204,4,1,0.1506737441786005,2.5396987052416584,0,0,3,False,True,False,False,True,False,False,True,False,False
190,0,3,0.5101613454232019,0,0,-0.4894421904510968,-0.5609748304808925,1,2,0,False,True,False,False,True,False,False,True,False,False
783,0,1,-0.027787557825836348,0,0,-0.04438103794142432,-0.5609748304808925,1,1,2,False,True,False,False,True,False,False,True,False,False
700,0,3,0.9712604053509489,0,0,-0.494391296561559,-0.5609748304808925,1,2,0,False,True,False,False,True,False,False,True,False,False
476,0,1,-0.10463740114712752,0,0,0.39858208016340624,-0.5609748304808925,1,1,3,False,True,False,False,True,False,False,True,False,False
682,1,1,-0.1814872444684187,0,0,0.8964967865378598,-0.5609748304808925,1,1,3,False,True,True,False,False,False,False,True,False,False
511,1,3,-0.027787557825836348,0,0,-0.49237782784290063,-0.5609748304808925,1,1,0,False,True,False,True,False,False,False,True,False,False
59,1,2,-1.8721837975368247,1,2,-0.08968408411123653,1.299429290952638,0,0,2,True,False,False,False,True,False,True,False,False,False
475,0,3,-0.5657364610748746,0,0,-0.45034666834090825,-0.5609748304808925,1,1,1,True,False,False,False,True,False,True,False,False,False
561,0,3,-0.10463740114712752,0,0,-0.49237782784290063,-0.5609748304808925,1,1,0,False,True,False,True,False,False,False,True,False,False
748,1,2,0.04906228549545483,0,0,-0.3866707201133388,-0.5609748304808925,1,1,1,True,False,False,False,True,False,True,False,False,False
253,0,1,2.5082572717767726,0,0,-0.11384570873513637,-0.5609748304808925,1,3,2,False,True,False,False,True,False,False,True,False,False
22,1,2,0.35646165878061953,0,0,-0.3866707201133388,-0.5609748304808925,1,2,1,False,True,False,False,True,False,False,True,False,False
314,0,3,-0.10463740114712752,0,0,-0.4894421904510968,-0.5609748304808925,1,1,0,False,True,False,False,True,False,False,True,False,False
460,0,3,-0.10463740114712752,0,0,-0.49237782784290063,-0.5609748304808925,1,1,0,False,True,False,True,False,False,False,True,False,False
161,0,3,1.1249600919935314,0,1,-0.32425318983493084,0.059159876663617626,0,2,2,False,True,False,False,True,False,False,True,False,False
277,0,3,1.2018099353148226,0,0,-0.49237782784290063,-0.5609748304808925,1,2,0,True,False,False,False,True,False,True,False,False,False
192,0,2,-0.7962859910387481,0,0,-0.3866707201133388,-0.5609748304808925,1,1,1,False,True,False,False,True,False,False,True,False,False
386,0,2,-0.8731358343600393,0,0,0.8314778546749452,-0.5609748304808925,1,1,3,False,True,False,False,True,False,False,True,False,False
806,0,3,0.12591212881674602,0,0,-0.4918744606632361,-0.5609748304808925,1,1,0,False,True,False,False,True,False,False,True,False,False
414,0,2,-0.10463740114712752,0,0,-0.6484216535389205,-0.5609748304808925,1,1,0,False,True,False,False,True,False,False,True,False,False
492,0,3,-0.6425863043961658,0,0,-0.5024451714361923,-0.5609748304808925,1,1,0,False,True,False,False,True,False,False,True,False,False
344,0,2,-0.33518693111100106,0,0,-0.3866707201133388,-0.5609748304808925,1,1,1,False,True,False,False,True,False,False,True,False,False
770,0,3,0.20276197213803718,0,0,-0.4800453319411184,-0.5609748304808925,1,1,1,False,True,False,False,True,False,False,True,False,False
309,0,2,0.04906228549545483,1,0,-0.16518916106092355,0.059159876663617626,0,1,2,False,True,True,False,False,False,False,True,False,False
662,0,3,0.8175607187083667,0,0,-0.5029485386158568,-0.5609748304808925,1,2,0,False,True,True,False,False,False,False,True,False,False
131,0,3,0.27961181545932834,0,0,-0.4894421904510968,-0.5609748304808925,1,2,0,False,True,True,False,False,False,False,True,False,False
664,0,3,0.5101613454232019,0,0,-0.4974960653257301,-0.5609748304808925,1,2,0,False,True,False,False,True,False,False,True,False,False
872,1,1,1.3555096219574048,1,1,0.40974072380221066,0.6792945838081278,0,2,3,True,False,False,False,True,False,False,False,True,False
100,0,2,0.35646165878061953,1,0,-0.12491978668775715,0.059159876663617626,0,2,2,False,True,False,False,True,False,False,True,False,False
373,0,3,-0.7962859910387481,0,0,-0.4863374216869257,-0.5609748304808925,1,1,1,False,True,False,False,True,False,False,True,False,False
88,0,3,-0.10463740114712752,0,0,-0.4863374216869257,-0.5609748304808925,1,1,1,False,True,False,False,True,False,False,True,False,False
459,1,2,1.5860591519212783,0,0,-0.43700743807979686,-0.5609748304808925,1,3,1,True,False,False,False,True,False,True,False,False,False
331,1,3,-0.10463740114712752,2,0,-0.18029017645086096,0.6792945838081278,0,1,2,True,False,False,True,False,False,True,False,False,False
215,0,3,-0.10463740114712752,1,0,-0.49237782784290063,0.059159876663617626,0,1,0,False,True,False,True,False,False,False,True,False,False
467,0,2,-0.10463740114712752,0,0,-0.6484216535389205,-0.5609748304808925,1,1,0,False,True,False,False,True,False,False,True,False,False
122,0,3,-0.10463740114712752,0,0,-0.4863374216869257,-0.5609748304808925,1,1,1,False,True,False,False,True,False,False,True,False,False
615,0,3,0.4333115021019107,0,0,-0.4863374216869257,-0.5609748304808925,1,2,1,False,True,False,False,True,False,False,True,False,False
21,0,2,0.4333115021019107,0,0,-0.12491978668775715,-0.5609748304808925,1,2,2,False,True,False,False,True,False,False,True,False,False
701,1,1,-0.8731358343600393,1,0,3.9327230485884233,0.059159876663617626,0,1,3,True,False,True,False,False,False,False,False,True,False
72,0,3,-1.0268355210026217,5,2,0.2958951755118318,3.779968119530679,0,0,3,True,False,False,False,True,False,True,False,False,False
107,1,3,-0.6425863043961658,0,0,-0.494391296561559,-0.5609748304808925,1,1,0,True,False,False,False,True,False,True,False,False,False
271,0,1,-0.10463740114712752,0,0,-0.024246350754841113,-0.5609748304808925,1,1,2,False,True,False,False,True,False,False,True,False,False
861,0,3,0.8944105620296577,2,0,-0.36435544630444866,0.6792945838081278,0,2,1,False,True,False,False,True,False,False,True,False,False
436,1,1,-1.180535207645204,1,2,1.7677408088510642,1.299429290952638,0,0,3,True,False,False,False,True,False,True,False,False,False
103,0,1,-0.6425863043961658,0,1,0.907737982394129,0.059159876663617626,0,1,3,False,True,False,False,True,False,False,True,False,False
